-- MySQL dump 10.13  Distrib 8.0.22, for macos10.15 (x86_64)
--
-- Host: 219.68.160.213    Database: FORFUN
-- ------------------------------------------------------
-- Server version	8.0.23

/*!40101 SET @OLD_CHARACTER_SET_CLIENT=@@CHARACTER_SET_CLIENT */;
/*!40101 SET @OLD_CHARACTER_SET_RESULTS=@@CHARACTER_SET_RESULTS */;
/*!40101 SET @OLD_COLLATION_CONNECTION=@@COLLATION_CONNECTION */;
/*!50503 SET NAMES utf8 */;
/*!40103 SET @OLD_TIME_ZONE=@@TIME_ZONE */;
/*!40103 SET TIME_ZONE='+00:00' */;
/*!40014 SET @OLD_UNIQUE_CHECKS=@@UNIQUE_CHECKS, UNIQUE_CHECKS=0 */;
/*!40014 SET @OLD_FOREIGN_KEY_CHECKS=@@FOREIGN_KEY_CHECKS, FOREIGN_KEY_CHECKS=0 */;
/*!40101 SET @OLD_SQL_MODE=@@SQL_MODE, SQL_MODE='NO_AUTO_VALUE_ON_ZERO' */;
/*!40111 SET @OLD_SQL_NOTES=@@SQL_NOTES, SQL_NOTES=0 */;

--
-- Table structure for table `agreement`
--

DROP TABLE IF EXISTS `agreement`;
/*!40101 SET @saved_cs_client     = @@character_set_client */;
/*!50503 SET character_set_client = utf8mb4 */;
CREATE TABLE `agreement` (
  `AGREEMENT_ID` int NOT NULL AUTO_INCREMENT,
  `ORDER_ID` int NOT NULL,
  `START_DATE` datetime NOT NULL,
  `END_DATE` datetime NOT NULL,
  `AGREEMENT_MONEY` int NOT NULL,
  `AGREEMENT_NOTE` varchar(500) CHARACTER SET utf8 COLLATE utf8_general_ci DEFAULT NULL,
  `LANDLORD_SIGN` varchar(500) CHARACTER SET utf8 COLLATE utf8_general_ci NOT NULL,
  `TENANT_SIGN` varchar(500) CHARACTER SET utf8 COLLATE utf8_general_ci DEFAULT NULL,
  `CREATE_TIME` datetime NOT NULL DEFAULT CURRENT_TIMESTAMP,
  `DELETE_TIME` datetime DEFAULT NULL,
  PRIMARY KEY (`AGREEMENT_ID`),
  KEY `ORDER_ID_idx` (`ORDER_ID`),
  CONSTRAINT `FK_ORDER_ID` FOREIGN KEY (`ORDER_ID`) REFERENCES `order` (`ORDER_ID`)
) ENGINE=InnoDB AUTO_INCREMENT=2 DEFAULT CHARSET=utf8;
/*!40101 SET character_set_client = @saved_cs_client */;

--
-- Dumping data for table `agreement`
--

LOCK TABLES `agreement` WRITE;
/*!40000 ALTER TABLE `agreement` DISABLE KEYS */;
/*!40000 ALTER TABLE `agreement` ENABLE KEYS */;
UNLOCK TABLES;

--
-- Table structure for table `appointment`
--

DROP TABLE IF EXISTS `appointment`;
/*!40101 SET @saved_cs_client     = @@character_set_client */;
/*!50503 SET character_set_client = utf8mb4 */;
CREATE TABLE `appointment` (
  `APPOINTMENT_ID` int NOT NULL AUTO_INCREMENT COMMENT '預約ID',
  `PUBLISH_ID` int DEFAULT NULL COMMENT '刊登ID',
  `OWNER_ID` int DEFAULT NULL COMMENT '房東ID',
  `TENANT_ID` int DEFAULT NULL COMMENT '房客ID',
  `APPOINTMENT_TIME` datetime DEFAULT NULL COMMENT '預約時間',
  `READ` tinyint DEFAULT NULL COMMENT '已讀',
  `CREATE_TIME` datetime DEFAULT NULL COMMENT '建立時間',
  `UPDATE_TIME` datetime DEFAULT NULL COMMENT '修改時間',
  `DELETE_TIME` datetime DEFAULT NULL COMMENT '刪除時間',
  PRIMARY KEY (`APPOINTMENT_ID`),
  KEY `FK_APPOINT_OWNER_ID_idx` (`OWNER_ID`),
  KEY `FK_APPOINT_TANANT_ID_idx` (`TENANT_ID`),
  KEY `FK_APPOINTMENT_PUBLISH_idx` (`PUBLISH_ID`),
  CONSTRAINT `FK_APPOINT_OWNER_ID` FOREIGN KEY (`OWNER_ID`) REFERENCES `member` (`MEMBER_ID`),
  CONSTRAINT `FK_APPOINT_TANANT_ID` FOREIGN KEY (`TENANT_ID`) REFERENCES `member` (`MEMBER_ID`),
  CONSTRAINT `FK_APPOINTMENT_PUBLISH` FOREIGN KEY (`PUBLISH_ID`) REFERENCES `publish` (`PUBLISH_ID`)
) ENGINE=InnoDB AUTO_INCREMENT=22 DEFAULT CHARSET=utf8 COLLATE=utf8_unicode_ci COMMENT='預約單資料表';
/*!40101 SET character_set_client = @saved_cs_client */;

--
-- Dumping data for table `appointment`
--

LOCK TABLES `appointment` WRITE;
/*!40000 ALTER TABLE `appointment` DISABLE KEYS */;
/*!40000 ALTER TABLE `appointment` ENABLE KEYS */;
UNLOCK TABLES;

--
-- Table structure for table `area`
--

DROP TABLE IF EXISTS `area`;
/*!40101 SET @saved_cs_client     = @@character_set_client */;
/*!50503 SET character_set_client = utf8mb4 */;
CREATE TABLE `area` (
  `AREA_ID` int NOT NULL AUTO_INCREMENT COMMENT '地區ID',
  `CITY_ID` int DEFAULT NULL COMMENT '縣市ID',
  `AREA_NAME` varchar(500) CHARACTER SET utf8 COLLATE utf8_unicode_ci DEFAULT NULL COMMENT '地區名稱',
  `CREATE_TIME` datetime NOT NULL DEFAULT CURRENT_TIMESTAMP COMMENT '建立時間',
  `UPDATE_TIME` datetime DEFAULT NULL COMMENT '修改時間',
  `DELETE_TIME` datetime DEFAULT NULL COMMENT '刪除時間',
  PRIMARY KEY (`AREA_ID`),
  KEY `FK_AREA_CITY_idx` (`CITY_ID`),
  CONSTRAINT `FK_AREA_CITY` FOREIGN KEY (`CITY_ID`) REFERENCES `city` (`CITY_ID`)
) ENGINE=InnoDB AUTO_INCREMENT=370 DEFAULT CHARSET=utf8 COLLATE=utf8_unicode_ci COMMENT='地區';
/*!40101 SET character_set_client = @saved_cs_client */;

--
-- Dumping data for table `area`
--

LOCK TABLES `area` WRITE;
/*!40000 ALTER TABLE `area` DISABLE KEYS */;
INSERT INTO `area` VALUES (1,1,'中正區','2020-06-10 12:00:00',NULL,NULL),(2,1,'大同區','2020-06-10 12:00:00',NULL,NULL),(3,1,'中山區','2020-06-10 12:00:00',NULL,NULL),(4,1,'松山區','2020-06-10 12:00:00',NULL,NULL),(5,1,'大安區','2020-06-10 12:00:00',NULL,NULL),(6,1,'萬華區','2020-06-10 12:00:00',NULL,NULL),(7,1,'信義區','2020-06-10 12:00:00',NULL,NULL),(8,1,'士林區','2020-06-10 12:00:00',NULL,NULL),(9,1,'北投區','2020-06-10 12:00:00',NULL,NULL),(10,1,'內湖區','2020-06-10 12:00:00',NULL,NULL),(11,1,'南港區','2020-06-10 12:00:00',NULL,NULL),(12,1,'文山區','2020-06-10 12:00:00',NULL,NULL),(13,3,'仁愛區','2020-06-10 12:00:00',NULL,NULL),(14,3,'信義區','2020-06-10 12:00:00',NULL,NULL),(15,3,'中正區','2020-06-10 12:00:00',NULL,NULL),(16,3,'中山區','2020-06-10 12:00:00',NULL,NULL),(17,3,'安樂區','2020-06-10 12:00:00',NULL,NULL),(18,3,'暖暖區','2020-06-10 12:00:00',NULL,NULL),(19,3,'七堵區','2020-06-10 12:00:00',NULL,NULL),(20,2,'萬里區','2020-06-10 12:00:00',NULL,NULL),(21,2,'金山區','2020-06-10 12:00:00',NULL,NULL),(22,2,'板橋區','2020-06-10 12:00:00',NULL,NULL),(23,2,'汐止區','2020-06-10 12:00:00',NULL,NULL),(24,2,'深坑區','2020-06-10 12:00:00',NULL,NULL),(25,2,'石碇區','2020-06-10 12:00:00',NULL,NULL),(26,2,'瑞芳區','2020-06-10 12:00:00',NULL,NULL),(27,2,'平溪區','2020-06-10 12:00:00',NULL,NULL),(28,2,'雙溪區','2020-06-10 12:00:00',NULL,NULL),(29,2,'貢寮區','2020-06-10 12:00:00',NULL,NULL),(30,2,'新店區','2020-06-10 12:00:00',NULL,NULL),(31,2,'坪林區','2020-06-10 12:00:00',NULL,NULL),(32,2,'烏來區','2020-06-10 12:00:00',NULL,NULL),(33,2,'永和區','2020-06-10 12:00:00',NULL,NULL),(34,2,'中和區','2020-06-10 12:00:00',NULL,NULL),(35,2,'土城區','2020-06-10 12:00:00',NULL,NULL),(36,2,'三峽區','2020-06-10 12:00:00',NULL,NULL),(37,2,'樹林區','2020-06-10 12:00:00',NULL,NULL),(38,2,'鶯歌區','2020-06-10 12:00:00',NULL,NULL),(39,2,'三重區','2020-06-10 12:00:00',NULL,NULL),(40,2,'新莊區','2020-06-10 12:00:00',NULL,NULL),(41,2,'泰山區','2020-06-10 12:00:00',NULL,NULL),(42,2,'林口區','2020-06-10 12:00:00',NULL,NULL),(43,2,'蘆洲區','2020-06-10 12:00:00',NULL,NULL),(44,2,'五股區','2020-06-10 12:00:00',NULL,NULL),(45,2,'八里區','2020-06-10 12:00:00',NULL,NULL),(46,2,'淡水區','2020-06-10 12:00:00',NULL,NULL),(47,2,'三芝區','2020-06-10 12:00:00',NULL,NULL),(48,2,'石門區','2020-06-10 12:00:00',NULL,NULL),(49,17,'宜蘭市','2020-06-10 12:00:00',NULL,NULL),(50,17,'頭城鎮','2020-06-10 12:00:00',NULL,NULL),(51,17,'礁溪鄉','2020-06-10 12:00:00',NULL,NULL),(52,17,'壯圍鄉','2020-06-10 12:00:00',NULL,NULL),(53,17,'員山鄉','2020-06-10 12:00:00',NULL,NULL),(54,17,'羅東鎮','2020-06-10 12:00:00',NULL,NULL),(55,17,'三星鄉','2020-06-10 12:00:00',NULL,NULL),(56,17,'大同鄉','2020-06-10 12:00:00',NULL,NULL),(57,17,'五結鄉','2020-06-10 12:00:00',NULL,NULL),(58,17,'冬山鄉','2020-06-10 12:00:00',NULL,NULL),(59,17,'蘇澳鎮','2020-06-10 12:00:00',NULL,NULL),(60,17,'南澳鄉','2020-06-10 12:00:00',NULL,NULL),(61,5,'東區','2020-06-10 12:00:00',NULL,NULL),(62,5,'北區','2020-06-10 12:00:00',NULL,NULL),(63,5,'香山區','2020-06-10 12:00:00',NULL,NULL),(64,6,'竹北市','2020-06-10 12:00:00',NULL,NULL),(65,6,'湖口鄉','2020-06-10 12:00:00',NULL,NULL),(66,6,'新豐鄉','2020-06-10 12:00:00',NULL,NULL),(67,6,'新埔鎮','2020-06-10 12:00:00',NULL,NULL),(68,6,'關西鎮','2020-06-10 12:00:00',NULL,NULL),(69,6,'芎林鄉','2020-06-10 12:00:00',NULL,NULL),(70,6,'寶山鄉','2020-06-10 12:00:00',NULL,NULL),(71,6,'竹東鎮','2020-06-10 12:00:00',NULL,NULL),(72,6,'五峰鄉','2020-06-10 12:00:00',NULL,NULL),(73,6,'橫山鄉','2020-06-10 12:00:00',NULL,NULL),(74,6,'尖石鄉','2020-06-10 12:00:00',NULL,NULL),(75,6,'北埔鄉','2020-06-10 12:00:00',NULL,NULL),(76,6,'峨嵋鄉','2020-06-10 12:00:00',NULL,NULL),(77,4,'中壢區','2020-06-10 12:00:00',NULL,NULL),(78,4,'平鎮區','2020-06-10 12:00:00',NULL,NULL),(79,4,'龍潭區','2020-06-10 12:00:00',NULL,NULL),(80,4,'楊梅區','2020-06-10 12:00:00',NULL,NULL),(81,4,'新屋區','2020-06-10 12:00:00',NULL,NULL),(82,4,'觀音區','2020-06-10 12:00:00',NULL,NULL),(83,4,'桃園區','2020-06-10 12:00:00',NULL,NULL),(84,4,'龜山區','2020-06-10 12:00:00',NULL,NULL),(85,4,'八德區','2020-06-10 12:00:00',NULL,NULL),(86,4,'大溪區','2020-06-10 12:00:00',NULL,NULL),(87,4,'復興區','2020-06-10 12:00:00',NULL,NULL),(88,4,'大園區','2020-06-10 12:00:00',NULL,NULL),(89,4,'蘆竹區','2020-06-10 12:00:00',NULL,NULL),(90,7,'竹南鎮','2020-06-10 12:00:00',NULL,NULL),(91,7,'頭份市','2020-06-10 12:00:00',NULL,NULL),(92,7,'三灣鄉','2020-06-10 12:00:00',NULL,NULL),(93,7,'南庄鄉','2020-06-10 12:00:00',NULL,NULL),(94,7,'獅潭鄉','2020-06-10 12:00:00',NULL,NULL),(95,7,'後龍鎮','2020-06-10 12:00:00',NULL,NULL),(96,7,'通霄鎮','2020-06-10 12:00:00',NULL,NULL),(97,7,'苑裡鎮','2020-06-10 12:00:00',NULL,NULL),(98,7,'苗栗市','2020-06-10 12:00:00',NULL,NULL),(99,7,'造橋鄉','2020-06-10 12:00:00',NULL,NULL),(100,7,'頭屋鄉','2020-06-10 12:00:00',NULL,NULL),(101,7,'公館鄉','2020-06-10 12:00:00',NULL,NULL),(102,7,'大湖鄉','2020-06-10 12:00:00',NULL,NULL),(103,7,'泰安鄉','2020-06-10 12:00:00',NULL,NULL),(104,7,'銅鑼鄉','2020-06-10 12:00:00',NULL,NULL),(105,7,'三義鄉','2020-06-10 12:00:00',NULL,NULL),(106,7,'西湖鄉','2020-06-10 12:00:00',NULL,NULL),(107,7,'卓蘭鎮','2020-06-10 12:00:00',NULL,NULL),(108,8,'中區','2020-06-10 12:00:00',NULL,NULL),(109,8,'東區','2020-06-10 12:00:00',NULL,NULL),(110,8,'南區','2020-06-10 12:00:00',NULL,NULL),(111,8,'西區','2020-06-10 12:00:00',NULL,NULL),(112,8,'北區','2020-06-10 12:00:00',NULL,NULL),(113,8,'北屯區','2020-06-10 12:00:00',NULL,NULL),(114,8,'西屯區','2020-06-10 12:00:00',NULL,NULL),(115,8,'南屯區','2020-06-10 12:00:00',NULL,NULL),(116,8,'太平區','2020-06-10 12:00:00',NULL,NULL),(117,8,'大里區','2020-06-10 12:00:00',NULL,NULL),(118,8,'霧峰區','2020-06-10 12:00:00',NULL,NULL),(119,8,'烏日區','2020-06-10 12:00:00',NULL,NULL),(120,8,'豐原區','2020-06-10 12:00:00',NULL,NULL),(121,8,'后里區','2020-06-10 12:00:00',NULL,NULL),(122,8,'石岡區','2020-06-10 12:00:00',NULL,NULL),(123,8,'東勢區','2020-06-10 12:00:00',NULL,NULL),(124,8,'和平區','2020-06-10 12:00:00',NULL,NULL),(125,8,'新社區','2020-06-10 12:00:00',NULL,NULL),(126,8,'潭子區','2020-06-10 12:00:00',NULL,NULL),(127,8,'大雅區','2020-06-10 12:00:00',NULL,NULL),(128,8,'神岡區','2020-06-10 12:00:00',NULL,NULL),(129,8,'大肚區','2020-06-10 12:00:00',NULL,NULL),(130,8,'沙鹿區','2020-06-10 12:00:00',NULL,NULL),(131,8,'龍井區','2020-06-10 12:00:00',NULL,NULL),(132,8,'梧棲區','2020-06-10 12:00:00',NULL,NULL),(133,8,'清水區','2020-06-10 12:00:00',NULL,NULL),(134,8,'大甲區','2020-06-10 12:00:00',NULL,NULL),(135,8,'外埔區','2020-06-10 12:00:00',NULL,NULL),(136,8,'大安區','2020-06-10 12:00:00',NULL,NULL),(137,9,'彰化市','2020-06-10 12:00:00',NULL,NULL),(138,9,'芬園鄉','2020-06-10 12:00:00',NULL,NULL),(139,9,'花壇鄉','2020-06-10 12:00:00',NULL,NULL),(140,9,'秀水鄉','2020-06-10 12:00:00',NULL,NULL),(141,9,'鹿港鎮','2020-06-10 12:00:00',NULL,NULL),(142,9,'福興鄉','2020-06-10 12:00:00',NULL,NULL),(143,9,'線西鄉','2020-06-10 12:00:00',NULL,NULL),(144,9,'和美鎮','2020-06-10 12:00:00',NULL,NULL),(145,9,'伸港鄉','2020-06-10 12:00:00',NULL,NULL),(146,9,'員林市','2020-06-10 12:00:00',NULL,NULL),(147,9,'社頭鄉','2020-06-10 12:00:00',NULL,NULL),(148,9,'永靖鄉','2020-06-10 12:00:00',NULL,NULL),(149,9,'埔心鄉','2020-06-10 12:00:00',NULL,NULL),(150,9,'溪湖鎮','2020-06-10 12:00:00',NULL,NULL),(151,9,'大村鄉','2020-06-10 12:00:00',NULL,NULL),(152,9,'埔鹽鄉','2020-06-10 12:00:00',NULL,NULL),(153,9,'田中鎮','2020-06-10 12:00:00',NULL,NULL),(154,9,'北斗鎮','2020-06-10 12:00:00',NULL,NULL),(155,9,'田尾鄉','2020-06-10 12:00:00',NULL,NULL),(156,9,'埤頭鄉','2020-06-10 12:00:00',NULL,NULL),(157,9,'溪州鄉','2020-06-10 12:00:00',NULL,NULL),(158,9,'竹塘鄉','2020-06-10 12:00:00',NULL,NULL),(159,9,'二林鎮','2020-06-10 12:00:00',NULL,NULL),(160,9,'大城鄉','2020-06-10 12:00:00',NULL,NULL),(161,9,'芳苑鄉','2020-06-10 12:00:00',NULL,NULL),(162,9,'二水鄉','2020-06-10 12:00:00',NULL,NULL),(163,10,'南投市','2020-06-10 12:00:00',NULL,NULL),(164,10,'中寮鄉','2020-06-10 12:00:00',NULL,NULL),(165,10,'草屯鎮','2020-06-10 12:00:00',NULL,NULL),(166,10,'國姓鄉','2020-06-10 12:00:00',NULL,NULL),(167,10,'埔里鎮','2020-06-10 12:00:00',NULL,NULL),(168,10,'仁愛鄉','2020-06-10 12:00:00',NULL,NULL),(169,10,'名間鄉','2020-06-10 12:00:00',NULL,NULL),(170,10,'集集鎮','2020-06-10 12:00:00',NULL,NULL),(171,10,'水里鄉','2020-06-10 12:00:00',NULL,NULL),(172,10,'魚池鄉','2020-06-10 12:00:00',NULL,NULL),(173,10,'信義鄉','2020-06-10 12:00:00',NULL,NULL),(174,10,'竹山鎮','2020-06-10 12:00:00',NULL,NULL),(175,10,'鹿谷鄉','2020-06-10 12:00:00',NULL,NULL),(176,11,'西區','2020-06-10 12:00:00',NULL,NULL),(177,11,'東區','2020-06-10 12:00:00',NULL,NULL),(178,12,'番路鄉','2020-06-10 12:00:00',NULL,NULL),(179,12,'梅山鄉','2020-06-10 12:00:00',NULL,NULL),(180,12,'竹崎鄉','2020-06-10 12:00:00',NULL,NULL),(181,12,'阿里山鄉','2020-06-10 12:00:00',NULL,NULL),(182,12,'中埔鄉','2020-06-10 12:00:00',NULL,NULL),(183,12,'大埔鄉','2020-06-10 12:00:00',NULL,NULL),(184,12,'水上鄉','2020-06-10 12:00:00',NULL,NULL),(185,12,'鹿草鄉','2020-06-10 12:00:00',NULL,NULL),(186,12,'太保市','2020-06-10 12:00:00',NULL,NULL),(187,12,'朴子市','2020-06-10 12:00:00',NULL,NULL),(188,12,'東石鄉','2020-06-10 12:00:00',NULL,NULL),(189,12,'六腳鄉','2020-06-10 12:00:00',NULL,NULL),(190,12,'新港鄉','2020-06-10 12:00:00',NULL,NULL),(191,12,'民雄鄉','2020-06-10 12:00:00',NULL,NULL),(192,12,'大林鎮','2020-06-10 12:00:00',NULL,NULL),(193,12,'溪口鄉','2020-06-10 12:00:00',NULL,NULL),(194,12,'義竹鄉','2020-06-10 12:00:00',NULL,NULL),(195,12,'布袋鎮','2020-06-10 12:00:00',NULL,NULL),(196,13,'斗南鎮','2020-06-10 12:00:00',NULL,NULL),(197,13,'大埤鄉','2020-06-10 12:00:00',NULL,NULL),(198,13,'虎尾鎮','2020-06-10 12:00:00',NULL,NULL),(199,13,'土庫鎮','2020-06-10 12:00:00',NULL,NULL),(200,13,'褒忠鄉','2020-06-10 12:00:00',NULL,NULL),(201,13,'東勢鄉','2020-06-10 12:00:00',NULL,NULL),(202,13,'臺西鄉','2020-06-10 12:00:00',NULL,NULL),(203,13,'崙背鄉','2020-06-10 12:00:00',NULL,NULL),(204,13,'麥寮鄉','2020-06-10 12:00:00',NULL,NULL),(205,13,'斗六市','2020-06-10 12:00:00',NULL,NULL),(206,13,'林內鄉','2020-06-10 12:00:00',NULL,NULL),(207,13,'古坑鄉','2020-06-10 12:00:00',NULL,NULL),(208,13,'莿桐鄉','2020-06-10 12:00:00',NULL,NULL),(209,13,'西螺鎮','2020-06-10 12:00:00',NULL,NULL),(210,13,'二崙鄉','2020-06-10 12:00:00',NULL,NULL),(211,13,'北港鎮','2020-06-10 12:00:00',NULL,NULL),(212,13,'水林鄉','2020-06-10 12:00:00',NULL,NULL),(213,13,'口湖鄉','2020-06-10 12:00:00',NULL,NULL),(214,13,'四湖鄉','2020-06-10 12:00:00',NULL,NULL),(215,13,'元長鄉','2020-06-10 12:00:00',NULL,NULL),(216,14,'中西區','2020-06-10 12:00:00',NULL,NULL),(217,14,'東區','2020-06-10 12:00:00',NULL,NULL),(218,14,'南區','2020-06-10 12:00:00',NULL,NULL),(219,14,'北區','2020-06-10 12:00:00',NULL,NULL),(220,14,'安平區','2020-06-10 12:00:00',NULL,NULL),(221,14,'安南區','2020-06-10 12:00:00',NULL,NULL),(222,14,'永康區','2020-06-10 12:00:00',NULL,NULL),(223,14,'歸仁區','2020-06-10 12:00:00',NULL,NULL),(224,14,'新化區','2020-06-10 12:00:00',NULL,NULL),(225,14,'左鎮區','2020-06-10 12:00:00',NULL,NULL),(226,14,'玉井區','2020-06-10 12:00:00',NULL,NULL),(227,14,'楠西區','2020-06-10 12:00:00',NULL,NULL),(228,14,'南化區','2020-06-10 12:00:00',NULL,NULL),(229,14,'仁德區','2020-06-10 12:00:00',NULL,NULL),(230,14,'關廟區','2020-06-10 12:00:00',NULL,NULL),(231,14,'龍崎區','2020-06-10 12:00:00',NULL,NULL),(232,14,'官田區','2020-06-10 12:00:00',NULL,NULL),(233,14,'麻豆區','2020-06-10 12:00:00',NULL,NULL),(234,14,'佳里區','2020-06-10 12:00:00',NULL,NULL),(235,14,'西港區','2020-06-10 12:00:00',NULL,NULL),(236,14,'七股區','2020-06-10 12:00:00',NULL,NULL),(237,14,'將軍區','2020-06-10 12:00:00',NULL,NULL),(238,14,'學甲區','2020-06-10 12:00:00',NULL,NULL),(239,14,'北門區','2020-06-10 12:00:00',NULL,NULL),(240,14,'新營區','2020-06-10 12:00:00',NULL,NULL),(241,14,'後壁區','2020-06-10 12:00:00',NULL,NULL),(242,14,'白河區','2020-06-10 12:00:00',NULL,NULL),(243,14,'東山區','2020-06-10 12:00:00',NULL,NULL),(244,14,'六甲區','2020-06-10 12:00:00',NULL,NULL),(245,14,'下營區','2020-06-10 12:00:00',NULL,NULL),(246,14,'柳營區','2020-06-10 12:00:00',NULL,NULL),(247,14,'鹽水區','2020-06-10 12:00:00',NULL,NULL),(248,14,'善化區','2020-06-10 12:00:00',NULL,NULL),(249,14,'大內區','2020-06-10 12:00:00',NULL,NULL),(250,14,'山上區','2020-06-10 12:00:00',NULL,NULL),(251,14,'新市區','2020-06-10 12:00:00',NULL,NULL),(252,14,'安定區','2020-06-10 12:00:00',NULL,NULL),(253,15,'新興區','2020-06-10 12:00:00',NULL,NULL),(254,15,'前金區','2020-06-10 12:00:00',NULL,NULL),(255,15,'芩雅區','2020-06-10 12:00:00',NULL,NULL),(256,15,'鹽埕區','2020-06-10 12:00:00',NULL,NULL),(257,15,'鼓山區','2020-06-10 12:00:00',NULL,NULL),(258,15,'旗津區','2020-06-10 12:00:00',NULL,NULL),(259,15,'前鎮區','2020-06-10 12:00:00',NULL,NULL),(260,15,'三民區','2020-06-10 12:00:00',NULL,NULL),(261,15,'楠梓區','2020-06-10 12:00:00',NULL,NULL),(262,15,'小港區','2020-06-10 12:00:00',NULL,NULL),(263,15,'左營區','2020-06-10 12:00:00',NULL,NULL),(264,15,'仁武區','2020-06-10 12:00:00',NULL,NULL),(265,15,'大社區','2020-06-10 12:00:00',NULL,NULL),(266,15,'岡山區','2020-06-10 12:00:00',NULL,NULL),(267,15,'路竹區','2020-06-10 12:00:00',NULL,NULL),(268,15,'阿蓮區','2020-06-10 12:00:00',NULL,NULL),(269,15,'田寮區','2020-06-10 12:00:00',NULL,NULL),(270,15,'燕巢區','2020-06-10 12:00:00',NULL,NULL),(271,15,'橋頭區','2020-06-10 12:00:00',NULL,NULL),(272,15,'梓官區','2020-06-10 12:00:00',NULL,NULL),(273,15,'彌陀區','2020-06-10 12:00:00',NULL,NULL),(274,15,'永安區','2020-06-10 12:00:00',NULL,NULL),(275,15,'湖內區','2020-06-10 12:00:00',NULL,NULL),(276,15,'鳳山區','2020-06-10 12:00:00',NULL,NULL),(277,15,'大寮區','2020-06-10 12:00:00',NULL,NULL),(278,15,'林園區','2020-06-10 12:00:00',NULL,NULL),(279,15,'鳥松區','2020-06-10 12:00:00',NULL,NULL),(280,15,'大樹區','2020-06-10 12:00:00',NULL,NULL),(281,15,'旗山區','2020-06-10 12:00:00',NULL,NULL),(282,15,'美濃區','2020-06-10 12:00:00',NULL,NULL),(283,15,'六龜區','2020-06-10 12:00:00',NULL,NULL),(284,15,'內門區','2020-06-10 12:00:00',NULL,NULL),(285,15,'杉林區','2020-06-10 12:00:00',NULL,NULL),(286,15,'甲仙區','2020-06-10 12:00:00',NULL,NULL),(287,15,'桃源區','2020-06-10 12:00:00',NULL,NULL),(288,15,'三民區','2020-06-10 12:00:00',NULL,NULL),(289,15,'那瑪夏區','2020-06-10 12:00:00',NULL,NULL),(290,15,'茂林區','2020-06-10 12:00:00',NULL,NULL),(291,15,'茄萣區','2020-06-10 12:00:00',NULL,NULL),(292,20,'馬公市','2020-06-10 12:00:00',NULL,NULL),(293,20,'西嶼鄉','2020-06-10 12:00:00',NULL,NULL),(294,20,'望安鄉','2020-06-10 12:00:00',NULL,NULL),(295,20,'七美鄉','2020-06-10 12:00:00',NULL,NULL),(296,20,'白沙鄉','2020-06-10 12:00:00',NULL,NULL),(297,20,'湖西鄉','2020-06-10 12:00:00',NULL,NULL),(298,16,'屏東市','2020-06-10 12:00:00',NULL,NULL),(299,16,'三地門鄉','2020-06-10 12:00:00',NULL,NULL),(300,16,'霧臺鄉','2020-06-10 12:00:00',NULL,NULL),(301,16,'瑪家鄉','2020-06-10 12:00:00',NULL,NULL),(302,16,'九如鄉','2020-06-10 12:00:00',NULL,NULL),(303,16,'里港鄉','2020-06-10 12:00:00',NULL,NULL),(304,16,'高樹鄉','2020-06-10 12:00:00',NULL,NULL),(305,16,'盬埔鄉','2020-06-10 12:00:00',NULL,NULL),(306,16,'長治鄉','2020-06-10 12:00:00',NULL,NULL),(307,16,'麟洛鄉','2020-06-10 12:00:00',NULL,NULL),(308,16,'竹田鄉','2020-06-10 12:00:00',NULL,NULL),(309,16,'內埔鄉','2020-06-10 12:00:00',NULL,NULL),(310,16,'萬丹鄉','2020-06-10 12:00:00',NULL,NULL),(311,16,'潮州鎮','2020-06-10 12:00:00',NULL,NULL),(312,16,'泰武鄉','2020-06-10 12:00:00',NULL,NULL),(313,16,'來義鄉','2020-06-10 12:00:00',NULL,NULL),(314,16,'萬巒鄉','2020-06-10 12:00:00',NULL,NULL),(315,16,'崁頂鄉','2020-06-10 12:00:00',NULL,NULL),(316,16,'新埤鄉','2020-06-10 12:00:00',NULL,NULL),(317,16,'南州鄉','2020-06-10 12:00:00',NULL,NULL),(318,16,'林邊鄉','2020-06-10 12:00:00',NULL,NULL),(319,16,'東港鎮','2020-06-10 12:00:00',NULL,NULL),(320,16,'琉球鄉','2020-06-10 12:00:00',NULL,NULL),(321,16,'佳冬鄉','2020-06-10 12:00:00',NULL,NULL),(322,16,'新園鄉','2020-06-10 12:00:00',NULL,NULL),(323,16,'枋寮鄉','2020-06-10 12:00:00',NULL,NULL),(324,16,'枋山鄉','2020-06-10 12:00:00',NULL,NULL),(325,16,'春日鄉','2020-06-10 12:00:00',NULL,NULL),(326,16,'獅子鄉','2020-06-10 12:00:00',NULL,NULL),(327,16,'車城鄉','2020-06-10 12:00:00',NULL,NULL),(328,16,'牡丹鄉','2020-06-10 12:00:00',NULL,NULL),(329,16,'恆春鎮','2020-06-10 12:00:00',NULL,NULL),(330,16,'滿州鄉','2020-06-10 12:00:00',NULL,NULL),(331,19,'臺東市','2020-06-10 12:00:00',NULL,NULL),(332,19,'綠島鄉','2020-06-10 12:00:00',NULL,NULL),(333,19,'蘭嶼鄉','2020-06-10 12:00:00',NULL,NULL),(334,19,'延平鄉','2020-06-10 12:00:00',NULL,NULL),(335,19,'卑南鄉','2020-06-10 12:00:00',NULL,NULL),(336,19,'鹿野鄉','2020-06-10 12:00:00',NULL,NULL),(337,19,'關山鎮','2020-06-10 12:00:00',NULL,NULL),(338,19,'海端鄉','2020-06-10 12:00:00',NULL,NULL),(339,19,'池上鄉','2020-06-10 12:00:00',NULL,NULL),(340,19,'東河鄉','2020-06-10 12:00:00',NULL,NULL),(341,19,'成功鎮','2020-06-10 12:00:00',NULL,NULL),(342,19,'長濱鄉','2020-06-10 12:00:00',NULL,NULL),(343,19,'太麻里鄉','2020-06-10 12:00:00',NULL,NULL),(344,19,'金峰鄉','2020-06-10 12:00:00',NULL,NULL),(345,19,'大武鄉','2020-06-10 12:00:00',NULL,NULL),(346,19,'達仁鄉','2020-06-10 12:00:00',NULL,NULL),(347,18,'花蓮市','2020-06-10 12:00:00',NULL,NULL),(348,18,'新城鄉','2020-06-10 12:00:00',NULL,NULL),(349,18,'秀林鄉','2020-06-10 12:00:00',NULL,NULL),(350,18,'吉安鄉','2020-06-10 12:00:00',NULL,NULL),(351,18,'壽豐鄉','2020-06-10 12:00:00',NULL,NULL),(352,18,'鳳林鎮','2020-06-10 12:00:00',NULL,NULL),(353,18,'光復鄉','2020-06-10 12:00:00',NULL,NULL),(354,18,'豐濱鄉','2020-06-10 12:00:00',NULL,NULL),(355,18,'瑞穗鄉','2020-06-10 12:00:00',NULL,NULL),(356,18,'萬榮鄉','2020-06-10 12:00:00',NULL,NULL),(357,18,'玉里鎮','2020-06-10 12:00:00',NULL,NULL),(358,18,'卓溪鄉','2020-06-10 12:00:00',NULL,NULL),(359,18,'富里鄉','2020-06-10 12:00:00',NULL,NULL),(360,21,'金沙鎮','2020-06-10 12:00:00',NULL,NULL),(361,21,'金湖鎮','2020-06-10 12:00:00',NULL,NULL),(362,21,'金寧鄉','2020-06-10 12:00:00',NULL,NULL),(363,21,'金城鎮','2020-06-10 12:00:00',NULL,NULL),(364,21,'烈嶼鄉','2020-06-10 12:00:00',NULL,NULL),(365,21,'烏坵鄉','2020-06-10 12:00:00',NULL,NULL),(366,22,'南竿鄉','2020-06-10 12:00:00',NULL,NULL),(367,22,'北竿鄉','2020-06-10 12:00:00',NULL,NULL),(368,22,'莒光鄉','2020-06-10 12:00:00',NULL,NULL),(369,22,'東引鄉','2020-06-10 12:00:00',NULL,NULL);
/*!40000 ALTER TABLE `area` ENABLE KEYS */;
UNLOCK TABLES;

--
-- Table structure for table `chatroom`
--

DROP TABLE IF EXISTS `chatroom`;
/*!40101 SET @saved_cs_client     = @@character_set_client */;
/*!50503 SET character_set_client = utf8mb4 */;
CREATE TABLE `chatroom` (
  `CHATROOM_ID` int NOT NULL AUTO_INCREMENT,
  `MEMBER_ID_1` int NOT NULL,
  `MEMBER_ID_2` int NOT NULL,
  `CREATE_TIME` datetime DEFAULT NULL,
  `UPDATE_TIME` datetime DEFAULT NULL,
  `DELETE_TIME` datetime DEFAULT NULL,
  PRIMARY KEY (`CHATROOM_ID`),
  KEY `FK_MEMBER1_ID_idx` (`MEMBER_ID_1`),
  KEY `FK_MEMBER2_ID_idx` (`MEMBER_ID_2`),
  CONSTRAINT `FK_MEMBER1_ID` FOREIGN KEY (`MEMBER_ID_1`) REFERENCES `member` (`MEMBER_ID`),
  CONSTRAINT `FK_MEMBER2_ID` FOREIGN KEY (`MEMBER_ID_2`) REFERENCES `member` (`MEMBER_ID`)
) ENGINE=InnoDB AUTO_INCREMENT=5 DEFAULT CHARSET=utf8;
/*!40101 SET character_set_client = @saved_cs_client */;

--
-- Dumping data for table `chatroom`
--

LOCK TABLES `chatroom` WRITE;
/*!40000 ALTER TABLE `chatroom` DISABLE KEYS */;
INSERT INTO `chatroom` VALUES (1,3,2,'2021-08-03 14:36:18',NULL,NULL),(2,6,4,'2021-08-09 16:13:49',NULL,'2021-08-09 16:14:23'),(4,6,5,'2021-08-09 17:02:52',NULL,NULL);
/*!40000 ALTER TABLE `chatroom` ENABLE KEYS */;
UNLOCK TABLES;

--
-- Table structure for table `city`
--

DROP TABLE IF EXISTS `city`;
/*!40101 SET @saved_cs_client     = @@character_set_client */;
/*!50503 SET character_set_client = utf8mb4 */;
CREATE TABLE `city` (
  `CITY_ID` int NOT NULL AUTO_INCREMENT COMMENT '縣市ID',
  `CITY_NAME` varchar(500) CHARACTER SET utf8 COLLATE utf8_unicode_ci DEFAULT NULL COMMENT '縣市名稱',
  `CREATE_TIME` datetime DEFAULT NULL COMMENT '建立時間',
  `UPDATE_TIME` datetime DEFAULT NULL COMMENT '修改時間',
  `DELETE_TIME` datetime DEFAULT NULL COMMENT '刪除時間',
  PRIMARY KEY (`CITY_ID`)
) ENGINE=InnoDB AUTO_INCREMENT=23 DEFAULT CHARSET=utf8 COLLATE=utf8_unicode_ci COMMENT='縣市';
/*!40101 SET character_set_client = @saved_cs_client */;

--
-- Dumping data for table `city`
--

LOCK TABLES `city` WRITE;
/*!40000 ALTER TABLE `city` DISABLE KEYS */;
INSERT INTO `city` VALUES (1,'台北市','2020-06-10 12:00:00',NULL,NULL),(2,'新北市','2020-06-10 12:00:00',NULL,NULL),(3,'基隆市','2020-06-10 12:00:00',NULL,NULL),(4,'桃園市','2020-06-10 12:00:00',NULL,NULL),(5,'新竹市','2020-06-10 12:00:00',NULL,NULL),(6,'新竹縣','2020-06-10 12:00:00',NULL,NULL),(7,'苗栗縣','2020-06-10 12:00:00',NULL,NULL),(8,'台中市','2020-06-10 12:00:00',NULL,NULL),(9,'彰化縣','2020-06-10 12:00:00',NULL,NULL),(10,'南投縣','2020-06-10 12:00:00',NULL,NULL),(11,'嘉義市','2020-06-10 12:00:00',NULL,NULL),(12,'嘉義縣','2020-06-10 12:00:00',NULL,NULL),(13,'雲林縣','2020-06-10 12:00:00',NULL,NULL),(14,'台南市','2020-06-10 12:00:00',NULL,NULL),(15,'高雄市','2020-06-10 12:00:00',NULL,NULL),(16,'屏東縣','2020-06-10 12:00:00',NULL,NULL),(17,'宜蘭縣','2020-06-10 12:00:00',NULL,NULL),(18,'花蓮縣','2020-06-10 12:00:00',NULL,NULL),(19,'台東縣','2020-06-10 12:00:00',NULL,NULL),(20,'澎湖縣','2020-06-10 12:00:00',NULL,NULL),(21,'金門縣','2020-06-10 12:00:00',NULL,NULL),(22,'連江縣','2020-06-10 12:00:00',NULL,NULL);
/*!40000 ALTER TABLE `city` ENABLE KEYS */;
UNLOCK TABLES;

--
-- Table structure for table `comment`
--

DROP TABLE IF EXISTS `comment`;
/*!40101 SET @saved_cs_client     = @@character_set_client */;
/*!50503 SET character_set_client = utf8mb4 */;
CREATE TABLE `comment` (
  `COMMENT_ID` int NOT NULL AUTO_INCREMENT,
  `MEMBER_ID` int NOT NULL,
  `POST_ID` int NOT NULL,
  `COMMENT_MSG` varchar(500) CHARACTER SET utf8 COLLATE utf8_general_ci DEFAULT NULL,
  `CREATE_TIME` datetime NOT NULL DEFAULT CURRENT_TIMESTAMP,
  `UPDATE_TIME` datetime DEFAULT NULL,
  `DELETE_TIME` datetime DEFAULT NULL,
  `READ` tinyint NOT NULL DEFAULT '0',
  PRIMARY KEY (`COMMENT_ID`),
  KEY `FK_MEMBER_ID_idx` (`MEMBER_ID`),
  KEY `FK_POST_ID_idx` (`POST_ID`),
  CONSTRAINT `FK_MEMBER_ID` FOREIGN KEY (`MEMBER_ID`) REFERENCES `member` (`MEMBER_ID`),
  CONSTRAINT `FK_POST_ID` FOREIGN KEY (`POST_ID`) REFERENCES `post` (`POST_ID`)
) ENGINE=InnoDB AUTO_INCREMENT=16 DEFAULT CHARSET=utf8;
/*!40101 SET character_set_client = @saved_cs_client */;

--
-- Dumping data for table `comment`
--

LOCK TABLES `comment` WRITE;
/*!40000 ALTER TABLE `comment` DISABLE KEYS */;
INSERT INTO `comment` VALUES (7,4,11,'這裡有房子','2021-08-09 16:11:08',NULL,NULL,0),(8,4,12,'我也遇過這種房東','2021-08-09 16:12:02',NULL,NULL,0),(9,4,10,'我也住這附近','2021-08-09 16:12:47',NULL,NULL,0),(10,5,11,'我這裡也有','2021-08-09 16:32:51',NULL,NULL,0),(11,5,12,'真的誇張','2021-08-09 16:33:15',NULL,NULL,0),(12,5,11,'已私訊','2021-08-09 16:44:58',NULL,NULL,0),(15,5,10,'這附近太貴住不起','2021-08-09 17:49:59',NULL,NULL,0);
/*!40000 ALTER TABLE `comment` ENABLE KEYS */;
UNLOCK TABLES;

--
-- Table structure for table `creeditcard`
--

DROP TABLE IF EXISTS `creeditcard`;
/*!40101 SET @saved_cs_client     = @@character_set_client */;
/*!50503 SET character_set_client = utf8mb4 */;
CREATE TABLE `creeditcard` (
  `CREDITCARD_ID` int NOT NULL AUTO_INCREMENT,
  `MEMBER_ID` int NOT NULL,
  `CARD_NUMBER` int NOT NULL,
  `EXP_YEAR` int NOT NULL,
  `EXP_MONTH` int NOT NULL,
  `NAME` varchar(500) CHARACTER SET utf8 COLLATE utf8_general_ci NOT NULL,
  `ADD` varchar(500) CHARACTER SET utf8 COLLATE utf8_general_ci NOT NULL,
  `DEFAUT` tinyint NOT NULL DEFAULT '0',
  `CREATE_TIME` datetime NOT NULL DEFAULT CURRENT_TIMESTAMP,
  `DELETE_TIME` datetime DEFAULT NULL,
  PRIMARY KEY (`CREDITCARD_ID`)
) ENGINE=InnoDB DEFAULT CHARSET=utf8;
/*!40101 SET character_set_client = @saved_cs_client */;

--
-- Dumping data for table `creeditcard`
--

LOCK TABLES `creeditcard` WRITE;
/*!40000 ALTER TABLE `creeditcard` DISABLE KEYS */;
/*!40000 ALTER TABLE `creeditcard` ENABLE KEYS */;
UNLOCK TABLES;

--
-- Table structure for table `customer_service`
--

DROP TABLE IF EXISTS `customer_service`;
/*!40101 SET @saved_cs_client     = @@character_set_client */;
/*!50503 SET character_set_client = utf8mb4 */;
CREATE TABLE `customer_service` (
  `CUSTOMER_ID` int NOT NULL AUTO_INCREMENT,
  `TYPE` int DEFAULT NULL,
  `MEMBER_ID` int DEFAULT NULL,
  `NICK_NAME` varchar(500) CHARACTER SET utf8 COLLATE utf8_general_ci DEFAULT NULL,
  `MAIL` varchar(500) CHARACTER SET utf8 COLLATE utf8_general_ci DEFAULT NULL,
  `PHONE` int DEFAULT NULL,
  `MSG` varchar(500) CHARACTER SET utf8 COLLATE utf8_general_ci DEFAULT NULL,
  `CREATE_TIME` datetime NOT NULL DEFAULT CURRENT_TIMESTAMP,
  `DELETE_TIME` datetime DEFAULT NULL,
  PRIMARY KEY (`CUSTOMER_ID`),
  KEY `FK_MEMBER_ID_idx` (`MEMBER_ID`),
  CONSTRAINT `FK_MEMID` FOREIGN KEY (`MEMBER_ID`) REFERENCES `member` (`MEMBER_ID`)
) ENGINE=InnoDB AUTO_INCREMENT=5 DEFAULT CHARSET=utf8;
/*!40101 SET character_set_client = @saved_cs_client */;

--
-- Dumping data for table `customer_service`
--

LOCK TABLES `customer_service` WRITE;
/*!40000 ALTER TABLE `customer_service` DISABLE KEYS */;
INSERT INTO `customer_service` VALUES (1,NULL,NULL,'123','qwe',987654321,'zxc','2021-08-03 13:56:24',NULL),(2,NULL,NULL,'1223','qwe',1234567890,'243sdf','2021-08-03 13:57:21',NULL),(3,NULL,NULL,'¡²³é','éåäé',97393,'²¡é²é¡é¡','2021-08-03 15:05:09',NULL),(4,NULL,NULL,'123123123','1321231',1321231,'13213','2021-08-09 16:33:02',NULL);
/*!40000 ALTER TABLE `customer_service` ENABLE KEYS */;
UNLOCK TABLES;

--
-- Table structure for table `favorite`
--

DROP TABLE IF EXISTS `favorite`;
/*!40101 SET @saved_cs_client     = @@character_set_client */;
/*!50503 SET character_set_client = utf8mb4 */;
CREATE TABLE `favorite` (
  `FAVORITE_ID` int NOT NULL AUTO_INCREMENT,
  `MEMBER_ID` int NOT NULL,
  `PUBLISH_ID` int NOT NULL,
  `CREATE_TIME` datetime NOT NULL DEFAULT CURRENT_TIMESTAMP,
  PRIMARY KEY (`FAVORITE_ID`),
  KEY `MEMBER_ID_idx` (`MEMBER_ID`),
  KEY `PUBLISH_ID_idx` (`PUBLISH_ID`),
  CONSTRAINT `MEMBER_ID` FOREIGN KEY (`MEMBER_ID`) REFERENCES `member` (`MEMBER_ID`),
  CONSTRAINT `PUBLISH_ID` FOREIGN KEY (`PUBLISH_ID`) REFERENCES `publish` (`PUBLISH_ID`)
) ENGINE=InnoDB AUTO_INCREMENT=21 DEFAULT CHARSET=utf8;
/*!40101 SET character_set_client = @saved_cs_client */;

--
-- Dumping data for table `favorite`
--

LOCK TABLES `favorite` WRITE;
/*!40000 ALTER TABLE `favorite` DISABLE KEYS */;
INSERT INTO `favorite` VALUES (16,6,9,'2021-08-09 17:21:13'),(17,6,12,'2021-08-09 17:21:14'),(20,6,13,'2021-08-09 17:21:54');
/*!40000 ALTER TABLE `favorite` ENABLE KEYS */;
UNLOCK TABLES;

--
-- Table structure for table `member`
--

DROP TABLE IF EXISTS `member`;
/*!40101 SET @saved_cs_client     = @@character_set_client */;
/*!50503 SET character_set_client = utf8mb4 */;
CREATE TABLE `member` (
  `MEMBER_ID` int NOT NULL AUTO_INCREMENT,
  `ROLE` int NOT NULL DEFAULT '3',
  `NAME_L` varchar(500) CHARACTER SET utf8 COLLATE utf8_general_ci NOT NULL,
  `NAME_F` varchar(500) CHARACTER SET utf8 COLLATE utf8_general_ci NOT NULL,
  `PHONE` int DEFAULT NULL,
  `HEADSHOT` varchar(500) CHARACTER SET utf8 COLLATE utf8_general_ci DEFAULT NULL,
  `GENDER` int DEFAULT NULL,
  `ID` varchar(10) CHARACTER SET utf8 COLLATE utf8_general_ci DEFAULT NULL,
  `BIRTHDAY` datetime DEFAULT NULL,
  `ADDRESS` varchar(500) CHARACTER SET utf8 COLLATE utf8_general_ci DEFAULT NULL,
  `MAIL` varchar(500) CHARACTER SET utf8 COLLATE utf8_general_ci DEFAULT NULL,
  `TYPE` int NOT NULL DEFAULT '1',
  `TOKEN` varchar(500) CHARACTER SET utf8 COLLATE utf8_general_ci DEFAULT NULL,
  `ID_IMGF` varchar(500) CHARACTER SET utf8 COLLATE utf8_general_ci DEFAULT NULL,
  `ID_IMGB` varchar(500) CHARACTER SET utf8 COLLATE utf8_general_ci DEFAULT NULL,
  `CITIZEN` varchar(500) CHARACTER SET utf8 COLLATE utf8_general_ci DEFAULT NULL,
  `CREATE_TIME` datetime NOT NULL DEFAULT CURRENT_TIMESTAMP,
  `UPDATE_TIME` datetime DEFAULT NULL,
  `DELETE_TIME` datetime DEFAULT NULL,
  PRIMARY KEY (`MEMBER_ID`)
) ENGINE=InnoDB AUTO_INCREMENT=18 DEFAULT CHARSET=utf8;
/*!40101 SET character_set_client = @saved_cs_client */;

--
-- Dumping data for table `member`
--

LOCK TABLES `member` WRITE;
/*!40000 ALTER TABLE `member` DISABLE KEYS */;
INSERT INTO `member` VALUES (1,0,'admin','',NULL,NULL,NULL,NULL,NULL,NULL,NULL,1,NULL,NULL,NULL,NULL,'2021-06-12 19:46:24',NULL,NULL),(2,1,'李','文賢',922877662,'/Project_ForFun/Person/922877662/ian-dooley-d1UPkiFd04A-unsplash.jpg',1,'A189271911','1987-03-20 00:00:00','台北市信義區基隆路一段245號','ngdqzmhndh@email.com',1,NULL,'/Project_ForFun/Person/921371162/ROC_mibunsho.jpg','/Project_ForFun/Person/921371162/ROC_mibunsho_ura.jpg',NULL,'2021-06-12 20:11:05','2021-08-03 14:58:01',NULL),(3,2,'林','怡吟',921371162,'/Project_ForFun/Person/921371162/testphoto.jpg',2,'F205861001','1999-06-01 00:00:00','台北市內湖區康寧路三段202號','test@email.com',1,NULL,'/Project_ForFun/Person/921371162/ROC_mibunsho.jpg','/Project_ForFun/Person/921371162/ROC_mibunsho_ura.jpg','/Project_ForFun/Person/921371162/goodpeople.png','2021-06-12 20:30:21','2021-07-19 14:02:26',NULL),(4,2,'溫','俊宏',924545884,'/Project_ForFun/Person/924545884/ivana-cajina-_7LbC5J-jw4-unsplash.jpg',1,'F187277081','1992-09-05 00:00:00','新北市板橋區林園街129巷15號2樓','hoyaqojnnt@iubridge.com',1,NULL,'/Project_ForFun/Person/921371162/ROC_mibunsho.jpg','/Project_ForFun/Person/921371162/ROC_mibunsho_ura.jpg','/Project_ForFun/Person/924545884/Group 287.png','2021-06-12 20:30:21',NULL,NULL),(5,2,'林','玉玲',952894963,'/Project_ForFun/Person/952894963/rafaella-mendes-diniz-et_78QkMMQs-unsplash.jpg',2,'A256873907','1992-12-01 00:00:00','台北市萬華區和平西路三段177號','jsubwpjsju@email.com',1,'cxgCZbDTQ9OiS5cSJ_GWZ_:APA91bGpaaVYRQijeq3G4S3RVfaNww-cf-9-Kh2qy_XuK9-sIhEHMt61RMZyBZDDUFA-rdPbYQZXD_VTspOy1-e5Qeh-EOVgqfiM5Kuq6cQX4WVzxHf4cI0o6WSX6dlRu8wGwjXeUT06','/Project_ForFun/Person/921371162/ROC_mibunsho.jpg','/Project_ForFun/Person/921371162/ROC_mibunsho_ura.jpg','/Project_ForFun/Person/952894963/Group 285.png','2021-06-12 20:30:21',NULL,NULL),(6,2,'錢','立奇',960917393,'/Project_ForFun/Person/960917393/bruce-mars-8YG31Xn4dSw-unsplash.jpg',1,'F197272310','1988-02-01 00:00:00','新北市永和區秀朗路一段36巷17號1樓','lbkodplfdq@email.com',1,'fTpTEjBvQQKUVXY4KrZywn:APA91bEvNZorzcoHwUgHtJ3imQydeBG8NH_zuMwBqRgB2rLnMZI2WyXyyrryuNcq2bMTdALq7Z1TEtTLlHsGoojaLF-oKSiciqaIkNtpAUTmUvABJ_-1Rw9k78l0UfMNV6EFhGV4ER0Z','/Project_ForFun/Person/921371162/ROC_mibunsho.jpg','/Project_ForFun/Person/921371162/ROC_mibunsho_ura.jpg','/Project_ForFun/Person/960917393/Group 286.png','2021-06-12 20:30:21',NULL,NULL),(7,2,'陳','良',929458421,'/Project_ForFun/Person/929458421/lachlan-dempsey-6VPEOdpFNAs-unsplash.jpg',1,'A196363871','1991-11-11 00:00:00','新北市板橋區四維路84號','fqzsmsvcen@email.com',1,NULL,'/Project_ForFun/Person/921371162/ROC_mibunsho.jpg','/Project_ForFun/Person/921371162/ROC_mibunsho_ura.jpg','/Project_ForFun/Person/929458421/Group 288.png','2021-06-12 20:30:21',NULL,NULL),(8,1,'李','炳揚',921526256,'/Project_ForFun/Person/921526256/ayo-ogunseinde-sibVwORYqs0-unsplash.jpg',1,'A106831868','1992-09-20 00:00:00','台北市大安區和平東路二段83號','oaepshjtds@email.com',1,NULL,'/Project_ForFun/Person/921371162/ROC_mibunsho.jpg','/Project_ForFun/Person/921371162/ROC_mibunsho_ura.jpg',NULL,'2021-06-12 20:30:21',NULL,NULL),(9,1,'陳','宛真',930362802,'/Project_ForFun/Person/930362802/karsten-winegeart-yPwpLYepiz0-unsplash.jpg',2,'A222223386','1980-10-05 00:00:00','新北市三重區龍濱路7巷1號','peejdyvlxx@email.com',1,NULL,'/Project_ForFun/Person/921371162/ROC_mibunsho.jpg','/Project_ForFun/Person/921371162/ROC_mibunsho_ura.jpg',NULL,'2021-06-12 20:30:21',NULL,NULL),(10,1,'陳','美惠',930553563,'/Project_ForFun/Person/930553563/warren-wong-uuVguyksViA-unsplash.jpg',2,'A272995506','2002-06-01 00:00:00','台北市大安區敦化南路一段188巷17號','srwkfxesd@email.com',1,NULL,'/Project_ForFun/Person/921371162/ROC_mibunsho.jpg','/Project_ForFun/Person/921371162/ROC_mibunsho_ura.jpg',NULL,'2021-06-12 20:30:21',NULL,NULL),(11,1,'蔡','宜名',900000000,'/Project_ForFun/Person/916366024/bruce-mars-AndE50aaHn4-unsplash.jpg',1,'F197272310','2000-01-05 00:00:00','台北市北投區中山路71號','mvxcffbhty@email.com',1,NULL,'/Project_ForFun/Person/921371162/ROC_mibunsho.jpg','/Project_ForFun/Person/921371162/ROC_mibunsho_ura.jpg',NULL,'2021-06-12 20:30:21',NULL,NULL);
/*!40000 ALTER TABLE `member` ENABLE KEYS */;
UNLOCK TABLES;

--
-- Table structure for table `message`
--

DROP TABLE IF EXISTS `message`;
/*!40101 SET @saved_cs_client     = @@character_set_client */;
/*!50503 SET character_set_client = utf8mb4 */;
CREATE TABLE `message` (
  `MSG_ID` int NOT NULL AUTO_INCREMENT,
  `CHATROOM_ID` int NOT NULL,
  `MEMBER_ID` int NOT NULL,
  `MSG_CHAT` longtext CHARACTER SET utf8 COLLATE utf8_general_ci,
  `MSG_IMG` varchar(500) CHARACTER SET utf8 COLLATE utf8_general_ci DEFAULT NULL,
  `RECORD` varchar(500) CHARACTER SET utf8 COLLATE utf8_general_ci DEFAULT NULL,
  `READ` tinyint NOT NULL DEFAULT '0',
  `CREATE_TIME` datetime NOT NULL DEFAULT CURRENT_TIMESTAMP,
  `UPDATE_TIME` datetime DEFAULT NULL,
  `DELETE_TIME` datetime DEFAULT NULL,
  PRIMARY KEY (`MSG_ID`),
  KEY `FK_CHATROOM_ID_idx` (`CHATROOM_ID`),
  KEY `FK_MEMBER_ID_idx` (`MEMBER_ID`),
  CONSTRAINT `FK_CHATROOM_ID` FOREIGN KEY (`CHATROOM_ID`) REFERENCES `chatroom` (`CHATROOM_ID`),
  CONSTRAINT `FK_MEM_ID` FOREIGN KEY (`MEMBER_ID`) REFERENCES `member` (`MEMBER_ID`)
) ENGINE=InnoDB AUTO_INCREMENT=7 DEFAULT CHARSET=utf8;
/*!40101 SET character_set_client = @saved_cs_client */;

--
-- Dumping data for table `message`
--

LOCK TABLES `message` WRITE;
/*!40000 ALTER TABLE `message` DISABLE KEYS */;
INSERT INTO `message` VALUES (1,1,2,'good morning',NULL,NULL,1,'2021-08-03 14:36:45','2021-08-03 15:25:28',NULL),(2,1,3,'您好',NULL,NULL,0,'2021-08-09 16:31:42',NULL,NULL),(5,1,3,'給你地址',NULL,NULL,0,'2021-08-09 16:49:33',NULL,NULL),(6,4,5,'您好 我這邊有你需要的房屋 有興趣嗎？',NULL,NULL,0,'2021-08-09 17:05:56',NULL,NULL);
/*!40000 ALTER TABLE `message` ENABLE KEYS */;
UNLOCK TABLES;

--
-- Table structure for table `notification`
--

DROP TABLE IF EXISTS `notification`;
/*!40101 SET @saved_cs_client     = @@character_set_client */;
/*!50503 SET character_set_client = utf8mb4 */;
CREATE TABLE `notification` (
  `NOTIFICATION_ID` int NOT NULL AUTO_INCREMENT,
  `NOTIFIED_ID` int NOT NULL COMMENT '被通知者\n(訂單-賣方)\n(留言-發文者)\n(預約單-刊登人)\n(私訊-接收者)',
  `COMMENT_ID` int DEFAULT NULL COMMENT '討論區留言',
  `APPOINTMENT_ID` int DEFAULT NULL COMMENT '預約單',
  `ORDER_ID` int DEFAULT NULL COMMENT '訂單',
  `MESSAGE_ID` int DEFAULT NULL COMMENT '私訊訊息',
  `READ` tinyint NOT NULL DEFAULT '0' COMMENT '點開小鈴鐺即算已讀',
  `CREATE_TIME` datetime NOT NULL DEFAULT CURRENT_TIMESTAMP,
  `DELETE_TIME` datetime DEFAULT NULL COMMENT '各資料表改變已讀狀態時同時update刪除時間',
  PRIMARY KEY (`NOTIFICATION_ID`),
  KEY `NOTIFICATION_ID_FK_ORDER_ID_idx` (`ORDER_ID`),
  KEY `FK_COMMENT_idx` (`COMMENT_ID`),
  KEY `FK_MSGID_idx` (`MESSAGE_ID`),
  KEY `FK_APPOINTMENT_ID_idx` (`APPOINTMENT_ID`),
  KEY `FK_NOTIFIED_ID_idx` (`NOTIFIED_ID`),
  CONSTRAINT `FK_APPOINTMENT_ID` FOREIGN KEY (`APPOINTMENT_ID`) REFERENCES `appointment` (`APPOINTMENT_ID`),
  CONSTRAINT `FK_COMMENT` FOREIGN KEY (`COMMENT_ID`) REFERENCES `comment` (`COMMENT_ID`),
  CONSTRAINT `FK_MSGID` FOREIGN KEY (`MESSAGE_ID`) REFERENCES `message` (`MSG_ID`),
  CONSTRAINT `FK_NOTIFIED_ID` FOREIGN KEY (`NOTIFIED_ID`) REFERENCES `member` (`MEMBER_ID`),
  CONSTRAINT `NOTIFICATION_ID_FK_ORDER_ID` FOREIGN KEY (`ORDER_ID`) REFERENCES `order` (`ORDER_ID`)
) ENGINE=InnoDB AUTO_INCREMENT=10 DEFAULT CHARSET=utf8;
/*!40101 SET character_set_client = @saved_cs_client */;

--
-- Dumping data for table `notification`
--

LOCK TABLES `notification` WRITE;
/*!40000 ALTER TABLE `notification` DISABLE KEYS */;
INSERT INTO `notification` VALUES (1,6,7,NULL,NULL,NULL,1,'2021-08-09 16:11:08','2021-08-09 17:25:40'),(2,10,8,NULL,NULL,NULL,0,'2021-08-09 16:12:02',NULL),(3,8,9,NULL,NULL,NULL,0,'2021-08-09 16:12:47',NULL),(4,6,10,NULL,NULL,NULL,1,'2021-08-09 16:32:51','2021-08-09 17:25:40'),(5,10,11,NULL,NULL,NULL,0,'2021-08-09 16:33:15',NULL),(6,6,12,NULL,NULL,NULL,1,'2021-08-09 16:44:58','2021-08-09 17:25:40'),(9,8,15,NULL,NULL,NULL,0,'2021-08-09 17:49:59',NULL);
/*!40000 ALTER TABLE `notification` ENABLE KEYS */;
UNLOCK TABLES;

--
-- Table structure for table `order`
--

DROP TABLE IF EXISTS `order`;
/*!40101 SET @saved_cs_client     = @@character_set_client */;
/*!50503 SET character_set_client = utf8mb4 */;
CREATE TABLE `order` (
  `ORDER_ID` int NOT NULL AUTO_INCREMENT,
  `PUBLISH_ID` int NOT NULL,
  `TENANT_ID` int NOT NULL COMMENT '房客ID',
  `PUBLISH_STAR` int DEFAULT NULL,
  `PUBLISH_COMMENT` varchar(500) CHARACTER SET utf8 COLLATE utf8_general_ci DEFAULT NULL,
  `ORDER_STATUS` int NOT NULL DEFAULT '0',
  `READ` tinyint NOT NULL DEFAULT '0',
  `CREATE_TIME` datetime NOT NULL DEFAULT CURRENT_TIMESTAMP,
  `UPDATE_TIME` datetime DEFAULT NULL,
  `DELETE_TIME` datetime DEFAULT NULL,
  PRIMARY KEY (`ORDER_ID`),
  KEY `FK_MEMBER_ID_idx` (`TENANT_ID`),
  KEY `FK_PUBLISH_ID_idx` (`PUBLISH_ID`),
  CONSTRAINT `FK_MBERID` FOREIGN KEY (`TENANT_ID`) REFERENCES `member` (`MEMBER_ID`),
  CONSTRAINT `FK_PUBLISH_ID` FOREIGN KEY (`PUBLISH_ID`) REFERENCES `publish` (`PUBLISH_ID`)
) ENGINE=InnoDB AUTO_INCREMENT=31 DEFAULT CHARSET=utf8;
/*!40101 SET character_set_client = @saved_cs_client */;

--
-- Dumping data for table `order`
--

LOCK TABLES `order` WRITE;
/*!40000 ALTER TABLE `order` DISABLE KEYS */;
INSERT INTO `order` VALUES (1,1,4,3,'還可以,就是吵了點',1,1,'2021-06-21 21:11:59',NULL,'2021-07-19 17:54:13'),(2,2,2,3,'還行,房租有點貴',1,1,'2019-06-21 19:31:59',NULL,NULL),(3,3,6,4,'環境好',1,0,'2018-06-21 16:31:59',NULL,NULL),(4,4,7,5,'氣氛佳',1,0,'2018-05-20 21:31:59',NULL,NULL),(5,5,8,5,'房租太貴',1,1,'2021-06-23 11:20:15',NULL,NULL),(6,7,11,3,'房租太貴',1,0,'2021-06-23 17:20:15',NULL,NULL),(7,9,5,5,'蒸蚌',1,0,'2021-07-09 17:20:15',NULL,NULL),(8,9,6,1,'房租太貴',1,0,'2021-07-09 17:20:15',NULL,NULL),(9,9,7,3,'還可以,就是吵了點',1,0,'2021-07-09 17:20:15',NULL,NULL),(10,9,8,4,'棒棒DER',1,0,'2021-07-09 17:20:15',NULL,NULL),(11,9,9,1,'房租太貴',1,0,'2021-07-09 17:20:15',NULL,NULL),(12,9,10,2,'環境好',1,0,'2021-07-09 17:20:15',NULL,NULL),(30,10,2,4,'住起來舒適',5,0,'2021-08-03 14:06:30',NULL,'2021-08-03 17:03:14');
/*!40000 ALTER TABLE `order` ENABLE KEYS */;
UNLOCK TABLES;

--
-- Table structure for table `otherpay`
--

DROP TABLE IF EXISTS `otherpay`;
/*!40101 SET @saved_cs_client     = @@character_set_client */;
/*!50503 SET character_set_client = utf8mb4 */;
CREATE TABLE `otherpay` (
  `OTHERPAY_ID` int NOT NULL AUTO_INCREMENT,
  `AGREEMENT_ID` int NOT NULL,
  `OTHERPAY_MONEY` int NOT NULL,
  `OTHERPAY_NOTE` varchar(500) CHARACTER SET utf8 COLLATE utf8_general_ci NOT NULL,
  `SUGGEST_IMG` varchar(500) CHARACTER SET utf8 COLLATE utf8_general_ci DEFAULT NULL,
  `OTHERPAY_STATUS` int NOT NULL DEFAULT '0',
  `CREATE_TIME` datetime NOT NULL DEFAULT CURRENT_TIMESTAMP,
  `DELETE_TIME` datetime DEFAULT NULL,
  PRIMARY KEY (`OTHERPAY_ID`),
  KEY `FK_AGREEMENT_ID_idx` (`AGREEMENT_ID`),
  CONSTRAINT `FK_AGREEMENT_ID` FOREIGN KEY (`AGREEMENT_ID`) REFERENCES `agreement` (`AGREEMENT_ID`)
) ENGINE=InnoDB AUTO_INCREMENT=3 DEFAULT CHARSET=utf8;
/*!40101 SET character_set_client = @saved_cs_client */;

--
-- Dumping data for table `otherpay`
--

LOCK TABLES `otherpay` WRITE;
/*!40000 ALTER TABLE `otherpay` DISABLE KEYS */;
/*!40000 ALTER TABLE `otherpay` ENABLE KEYS */;
UNLOCK TABLES;

--
-- Table structure for table `person_evaluation`
--

DROP TABLE IF EXISTS `person_evaluation`;
/*!40101 SET @saved_cs_client     = @@character_set_client */;
/*!50503 SET character_set_client = utf8mb4 */;
CREATE TABLE `person_evaluation` (
  `PERSON_EVALUATION_ID` int NOT NULL AUTO_INCREMENT,
  `ORDER_ID` int NOT NULL,
  `COMMENTED` int NOT NULL COMMENT '受評論者',
  `COMMENTED_BY` int NOT NULL COMMENT '評論者',
  `PERSON_STAR` int DEFAULT NULL,
  `PERSON_COMMENT` varchar(500) CHARACTER SET utf8 COLLATE utf8_general_ci DEFAULT NULL COMMENT '留言',
  `CREATE_TIME` datetime NOT NULL DEFAULT CURRENT_TIMESTAMP,
  `UPDATE_TIME` datetime DEFAULT NULL,
  `DELETE_TIME` datetime DEFAULT NULL,
  PRIMARY KEY (`PERSON_EVALUATION_ID`),
  KEY `PERSON＿EVALUATION_ID_FK_ORDER_ID_idx` (`ORDER_ID`),
  KEY `COMMENTED_ID_idx` (`COMMENTED`),
  KEY `COMMENTED_BY_idx` (`COMMENTED_BY`),
  CONSTRAINT `COMMENTED_BY` FOREIGN KEY (`COMMENTED_BY`) REFERENCES `member` (`MEMBER_ID`),
  CONSTRAINT `COMMENTED_ID` FOREIGN KEY (`COMMENTED`) REFERENCES `member` (`MEMBER_ID`),
  CONSTRAINT `PERSON＿EVALUATION_ID_FK_ORDER_ID` FOREIGN KEY (`ORDER_ID`) REFERENCES `order` (`ORDER_ID`)
) ENGINE=InnoDB AUTO_INCREMENT=20 DEFAULT CHARSET=utf8;
/*!40101 SET character_set_client = @saved_cs_client */;

--
-- Dumping data for table `person_evaluation`
--

LOCK TABLES `person_evaluation` WRITE;
/*!40000 ALTER TABLE `person_evaluation` DISABLE KEYS */;
INSERT INTO `person_evaluation` VALUES (1,5,3,8,4,'房屋不錯 房東人也不錯','2021-06-23 17:25:19',NULL,NULL),(2,1,3,4,4,'屋主還不錯','2021-06-21 21:40:07',NULL,NULL),(3,2,3,2,2,'房租貴,屋主態度差','2021-06-21 21:40:07',NULL,NULL),(4,3,9,6,3,'屋主普通','2021-06-21 21:40:07',NULL,NULL),(6,1,4,3,4,'房客還行','2021-06-21 21:40:07',NULL,NULL),(7,2,2,3,2,'根本奧客','2021-06-21 21:40:07',NULL,NULL),(8,3,6,9,3,'房客普通','2021-06-21 21:40:07',NULL,NULL),(9,12,3,10,2,'屋主不負責任','2021-07-19 13:59:15',NULL,NULL),(17,12,10,3,1,'房客來找碴的','2021-07-19 13:59:15',NULL,NULL),(18,30,3,2,5,'so bad','2021-08-03 16:30:21',NULL,NULL),(19,30,2,3,3,'bad','2021-08-03 16:40:08',NULL,NULL);
/*!40000 ALTER TABLE `person_evaluation` ENABLE KEYS */;
UNLOCK TABLES;

--
-- Table structure for table `post`
--

DROP TABLE IF EXISTS `post`;
/*!40101 SET @saved_cs_client     = @@character_set_client */;
/*!50503 SET character_set_client = utf8mb4 */;
CREATE TABLE `post` (
  `POST_ID` int NOT NULL AUTO_INCREMENT,
  `BOARD_ID` varchar(500) NOT NULL DEFAULT '0',
  `POSTER_ID` int NOT NULL,
  `POST_TITLE` varchar(500) CHARACTER SET utf8 COLLATE utf8_general_ci DEFAULT NULL,
  `POST_IMG` varchar(500) CHARACTER SET utf8 COLLATE utf8_general_ci DEFAULT NULL,
  `POST_CONTEXT` longtext CHARACTER SET utf8 COLLATE utf8_general_ci,
  `CREATE_TIME` datetime NOT NULL DEFAULT CURRENT_TIMESTAMP,
  `UPDATE_TIME` datetime DEFAULT NULL,
  `DELETE_TIME` datetime DEFAULT NULL,
  PRIMARY KEY (`POST_ID`)
) ENGINE=InnoDB AUTO_INCREMENT=17 DEFAULT CHARSET=utf8;
/*!40101 SET character_set_client = @saved_cs_client */;

--
-- Dumping data for table `post`
--

LOCK TABLES `post` WRITE;
/*!40000 ALTER TABLE `post` DISABLE KEYS */;
INSERT INTO `post` VALUES (10,'租屋交流',8,'這附近的房子還不錯','Project_ForFun/Discussion_update/1628494811717','這捷運站附近的房子不錯','2021-08-09 14:49:54','2021-08-09 15:45:31',NULL),(11,'需求單',6,'求租','Project_ForFun/Discussion_update/1628495844262','【求租人】：2個男生\n【職業】：皆為大四學生、能準時交租！\n【地區】：台北市、新北市（中永和、新店可）\n【生活習慣】：不菸、愛清潔、注重生活品質環境\n【房型】：2房1廳\n【租期】：1年\n【預算】：15000-20000以內/月\n【樓層】：非加頂樓蓋或地下室','2021-08-09 15:51:37','2021-08-09 15:58:45',NULL),(12,'租屋交流',10,'遇到討厭的房東','Project_ForFun/Discussion_insert/1628496142452','我們這位房東, 是個很偉大的人.\n偉大到認為房東這角色應該比天還大吧~\n\n總是要怎樣就怎樣,我們已經盡量不要跟他交手了.','2021-08-09 16:02:31','2021-08-09 16:08:44',NULL),(13,'知識問答',3,'可殺價嗎？','Project_ForFun/Discussion_insert/1628499897494','預算不多\n押金可便宜一點嗎\n甘溫','2021-08-09 17:05:26',NULL,NULL),(14,'知識問答',5,'請問所需文件？','Project_ForFun/Discussion_insert/1628500044102','請問第一次要租房需要備齊哪些文件？','2021-08-09 17:07:45',NULL,NULL),(16,'知識問答',5,'出租前，應注意事項','Project_ForFun/Discussion_update/1628502793698','一、想要出租之租金金額 租金一般是以月計，即每月租金多少金額，並約定租金給付時間，如每月月初5日等。押租金簡稱押租或押金，押租金民法未有明文規定，但為社會上所通行，押金是租賃契約成立時，房客支付用以擔保租金支付為目的的金額，一般多為租金的一個月或二個月，若租賃關係結束，未有欠租或違約情事，房東應無條件將押金返還予房客。押金數額亦可以由當事人任意訂立，但若超過二個月租金，房客可以依土地法的規定主張超過部份得用以抵付租金。 二、租賃期間 租賃期間多為一至二年，營業使用的租期較長，通常為四、五年以上。 三、租賃對象限制 考慮出租對象，則是為了房屋安全或未來收租順利的考量，如有的房東不希望租給特種營業身分者，有的不願出租給餐飲業，有的不願租給殯葬業等，因此要租屋時，應了解租屋人的身分、職業、租屋用途等，當然，限制愈多，出租難度愈高，這點屋主必須有所理解。','2021-08-09 17:50:32','2021-08-09 17:53:16',NULL);
/*!40000 ALTER TABLE `post` ENABLE KEYS */;
UNLOCK TABLES;

--
-- Table structure for table `publish`
--

DROP TABLE IF EXISTS `publish`;
/*!40101 SET @saved_cs_client     = @@character_set_client */;
/*!50503 SET character_set_client = utf8mb4 */;
CREATE TABLE `publish` (
  `PUBLISH_ID` int NOT NULL AUTO_INCREMENT COMMENT '刊登ID',
  `OWNER_ID` int NOT NULL COMMENT '房東ID',
  `TITLE` varchar(500) CHARACTER SET utf8 COLLATE utf8_unicode_ci DEFAULT NULL COMMENT '刊登標題',
  `TITLE_IMG` varchar(500) CHARACTER SET utf8 COLLATE utf8_unicode_ci DEFAULT NULL COMMENT '首頁圖片',
  `PUBLISH_INFO` varchar(500) CHARACTER SET utf8 COLLATE utf8_unicode_ci DEFAULT NULL COMMENT '屋況說明',
  `PUBLISH_IMG1` varchar(500) CHARACTER SET utf8 COLLATE utf8_unicode_ci DEFAULT NULL COMMENT '屋況圖片1',
  `PUBLISH_IMG2` varchar(500) CHARACTER SET utf8 COLLATE utf8_unicode_ci DEFAULT NULL COMMENT '屋況圖片2',
  `PUBLISH_IMG3` varchar(500) CHARACTER SET utf8 COLLATE utf8_unicode_ci DEFAULT NULL COMMENT '屋況圖片3',
  `CITY_ID` int DEFAULT NULL COMMENT '縣市ID',
  `AREA_ID` int DEFAULT NULL COMMENT '地區ID',
  `ADDRESS` varchar(500) CHARACTER SET utf8 COLLATE utf8_unicode_ci DEFAULT NULL COMMENT '地址',
  `LATITUDE` double DEFAULT NULL COMMENT '緯度',
  `LONGITUDE` double DEFAULT NULL COMMENT '經度',
  `RENT` int DEFAULT NULL COMMENT '租金',
  `DEPOSIT` int DEFAULT NULL COMMENT '押金',
  `SQUARE` int DEFAULT NULL COMMENT '坪數',
  `GENDER` int DEFAULT NULL COMMENT '性別限制\n0:無限制\n1:限男性\n2:限女性',
  `TYPE` int DEFAULT NULL COMMENT '房屋類型\n0:套房\n1:雅房',
  `FURNISHED` varchar(500) CHARACTER SET utf8 COLLATE utf8_unicode_ci DEFAULT NULL COMMENT '提供設備\n0:電視\n1:冰箱\n2:冷氣\n3:網路\n4:洗衣機\n5:床鋪\n6:衣櫃\n7:桌子\n8:椅子',
  `STATUS` int NOT NULL DEFAULT '3' COMMENT '0 停權\\n1 合約進行中關閉\\n2 自行關閉\\n3 開啟',
  `CREATE_TIME` datetime NOT NULL DEFAULT CURRENT_TIMESTAMP COMMENT '建立時間',
  `UPDATE_TIME` datetime DEFAULT NULL COMMENT '修改時間',
  `DELETE_TIME` datetime DEFAULT NULL COMMENT '刪除時間',
  PRIMARY KEY (`PUBLISH_ID`),
  KEY `FK_PUBLISH_MEMBER_idx` (`OWNER_ID`),
  KEY `FK_PUBLISH_CITY_idx` (`CITY_ID`),
  KEY `FK_PUBLISH_AREA_idx` (`AREA_ID`),
  CONSTRAINT `FK_PUBLISH_AREA` FOREIGN KEY (`AREA_ID`) REFERENCES `area` (`AREA_ID`),
  CONSTRAINT `FK_PUBLISH_CITY` FOREIGN KEY (`CITY_ID`) REFERENCES `city` (`CITY_ID`),
  CONSTRAINT `FK_PUBLISH_MEMBER` FOREIGN KEY (`OWNER_ID`) REFERENCES `member` (`MEMBER_ID`)
) ENGINE=InnoDB AUTO_INCREMENT=27 DEFAULT CHARSET=utf8 COLLATE=utf8_unicode_ci COMMENT='刊登';
/*!40101 SET character_set_client = @saved_cs_client */;

--
-- Dumping data for table `publish`
--

LOCK TABLES `publish` WRITE;
/*!40000 ALTER TABLE `publish` DISABLE KEYS */;
INSERT INTO `publish` VALUES (1,3,'一般套房','/Project_ForFun/Publish/1/Title.jpg','搶手貨，不租可惜 鄰近捷運站，交通便利','Project_ForFun/Publish/1/Info1.jpg','Project_ForFun/Publish/1/Info2.jpg','Project_ForFun/Publish/1/Info3.jpg',1,3,NULL,25.0514277,121.5432529,5500,1,85,1,1,'1|1|1|1|1|1|1|1|1',0,'2021-06-21 21:28:47',NULL,NULL),(2,3,'超高級套房','/Project_ForFun/Publish/2/Title.jpg','搶手貨，不租可惜 鄰近捷運站，交通便利','Project_ForFun/Publish/2/Info1.jpg','Project_ForFun/Publish/2/Info2.jpg','Project_ForFun/Publish/2/Info3.jpg',1,3,NULL,25.0513287,121.54334379999987,7700,2,84,2,1,'1|1|1|1|1|1|1|1|1',0,'2021-06-21 21:28:47',NULL,NULL),(3,4,'高級公寓',NULL,NULL,NULL,NULL,NULL,NULL,NULL,NULL,NULL,NULL,NULL,NULL,NULL,NULL,NULL,NULL,0,'2021-06-21 21:28:47',NULL,NULL),(4,5,'高級套房','Project_ForFun/Publish/4/Title.jpg','搶手貨，不租可惜 鄰近捷運站，交通便利','Project_ForFun/Publish/4/Info1.jpg','Project_ForFun/Publish/4/Info2.jpg','Project_ForFun/Publish/4/Info3.jpg',1,3,NULL,NULL,NULL,NULL,NULL,NULL,NULL,NULL,NULL,0,'2021-06-21 21:29:26',NULL,NULL),(5,3,'公寓','/Project_ForFun/Publish/5/Title.jpg','搶手貨，不租可惜 鄰近捷運站，交通便利','Project_ForFun/Publish/5/Info1.jpg','Project_ForFun/Publish/5/Info2.jpg','Project_ForFun/Publish/5/Info3.jpg',1,3,NULL,25.0514227,121.5429203,8400,3,83,1,0,'1|1|1|1|1|1|1|1|1',0,'2021-06-23 17:16:33',NULL,NULL),(6,6,'套房',NULL,NULL,NULL,NULL,NULL,NULL,NULL,NULL,NULL,NULL,NULL,NULL,NULL,NULL,NULL,NULL,0,'2021-06-23 17:16:33',NULL,NULL),(7,7,'雅房',NULL,NULL,NULL,NULL,NULL,NULL,NULL,NULL,NULL,NULL,NULL,NULL,NULL,NULL,NULL,NULL,0,'2021-06-23 17:16:33',NULL,NULL),(8,4,'鄰近捷運站套房',NULL,NULL,NULL,NULL,NULL,NULL,NULL,NULL,NULL,NULL,NULL,NULL,NULL,NULL,NULL,NULL,0,'2021-06-23 17:17:31',NULL,NULL),(9,3,'大坪數高級公寓','Project_ForFun/Publish/9/Title.jpg','搶手貨，不租可惜\n鄰近捷運站，交通便利','Project_ForFun/Publish/9/Info1.jpg','Project_ForFun/Publish/9/Info2.jpg','Project_ForFun/Publish/9/Info3.jpg',1,3,'台北市中山區南京東路三段219號4-5F',25.052128,121.54325290000001,1000,1,100,2,1,'1|0|1|1|0|1|1|0|1',3,'2021-06-24 21:08:09','2021-06-24 21:09:16',NULL),(10,3,'MMM大坪數高級公寓','Project_ForFun/Publish/10/Title.jpg','搶手貨，不租可惜\n鄰近捷運站，交通便利','Project_ForFun/Publish/10/Info1.jpg','Project_ForFun/Publish/10/Info2.jpg','Project_ForFun/Publish/10/Info3.jpg',1,3,'台北市中山區南京東路三段210號1樓',25.0517732,121.54334379999999,9999,1,100,1,0,'1|1|1|1|1|1|1|1|1',2,'2021-06-27 11:01:12','2021-06-27 11:01:12','2021-08-03 17:03:14'),(11,3,'大坪數客廳','Project_ForFun/Publish/11/Title.jpg','搶手貨，不租可惜\n鄰近捷運站，交通便利','Project_ForFun/Publish/11/Info1.jpg','Project_ForFun/Publish/11/Info2.jpg','Project_ForFun/Publish/11/Info3.jpg',1,3,'台北市中山區南京東路三段194巷1號',25.0514287,121.5429303,100,1,100,0,1,'1|1|1|1|1|1|1|1|1',3,'2021-06-27 11:03:59','2021-08-09 15:03:46','2021-08-09 16:28:09'),(12,3,'高級套房出租','Project_ForFun/Publish/12/Title.jpg','搶手貨，不租可惜\n鄰近捷運站，交通便利','Project_ForFun/Publish/12/Info1.jpg','Project_ForFun/Publish/12/Info2.jpg','Project_ForFun/Publish/12/Info3.jpg',1,3,'台北市中山區遼寧街155巷41號',25.052579599999998,121.54335490000001,399,3,20,1,1,'1|1|1|1|1|1|1|1|1',3,'2021-06-27 11:05:47','2021-08-09 15:05:00',NULL),(13,3,'廚房出租','Project_ForFun/Publish/13/Title.jpg','搶手貨，不租可惜\n鄰近捷運站，交通便利','Project_ForFun/Publish/13/Info1.jpg','Project_ForFun/Publish/13/Info2.jpg','Project_ForFun/Publish/13/Info3.jpg',1,3,'台北市中山區遼寧街155巷2號',25.0524414,121.5422744,5050,1,500,0,0,'1|1|1|1|1|1|1|1|1',3,'2021-06-27 11:07:46','2021-08-09 15:13:19',NULL),(14,3,'財團法人國防工業發展基金會','Project_ForFun/Publish/14/Title.jpg','搶手貨，不租可惜\n鄰近捷運站，交通便利','Project_ForFun/Publish/14/Info1.jpg','Project_ForFun/Publish/14/Info2.jpg','Project_ForFun/Publish/14/Info3.jpg',1,3,'台北市中山區北安路409號B1樓',25.0798854,121.543127,8888,3,88,1,0,'1|1|1|0|1|1|0|1|1',3,'2021-06-29 22:33:30','2021-08-09 15:13:53',NULL),(15,3,'北安休閒運動中心','Project_ForFun/Publish/15/Title.jpg','搶手貨，不租可惜\n鄰近捷運站，交通便利','Project_ForFun/Publish/15/Info1.jpg','Project_ForFun/Publish/15/Info2.jpg','Project_ForFun/Publish/15/Info3.jpg',1,3,'台北市中山區北安路400巷1弄12號',25.079226,121.54226899999999,3000,1,50,2,1,'1|1|1|1|1|0|1|0|0',3,'2021-06-29 22:37:23','2021-08-09 15:15:25',NULL),(16,3,'大直市場華廈','Project_ForFun/Publish/16/Title.jpg','搶手貨，不租可惜\n鄰近捷運站，交通便利\ngood','Project_ForFun/Publish/16/Info1.jpg','Project_ForFun/Publish/16/Info2.jpg','Project_ForFun/Publish/16/Info3.jpg',1,3,'台北市中山區北安路476巷3號',25.079524199999998,121.545111,81000,1,100,1,1,'1|1|1|0|1|1|0|1|1',3,'2021-06-29 22:39:17','2021-08-09 16:24:49',NULL),(17,3,'小坪數公寓','Project_ForFun/Publish/17/Title.jpg','搶手貨，不租可惜\n鄰近捷運站，交通便利','Project_ForFun/Publish/17/Info1.jpg','Project_ForFun/Publish/17/Info2.jpg','Project_ForFun/Publish/17/Info3.jpg',1,3,'台北市中山區南京東路三段219號4-5F',25.052128,121.54325290000001,1000,1,100,0,0,'1|1|1|1|1|1|1|1|1',3,'2021-07-26 17:04:37','2021-08-09 16:27:52',NULL),(18,3,'大坪數公司廠房','Project_ForFun/Publish/18/Title.jpg','搶手貨，不租可惜\n鄰近捷運站，交通便利','Project_ForFun/Publish/18/Info1.jpg','Project_ForFun/Publish/18/Info2.jpg','Project_ForFun/Publish/18/Info3.jpg',1,3,'台北市中山區南京東路三段219號4-5F',25.052128,121.54325290000001,1000,1,100,1,1,'0|0|0|0|0|0|0|0|0',3,'2021-08-03 15:24:26','2021-08-09 16:31:15',NULL),(19,5,'中央聯合辦公大樓南棟','Project_ForFun/Publish/19/Title.jpg','搶手貨，不租可惜\n鄰近捷運站，交通便利','Project_ForFun/Publish/19/Info1.jpg','Project_ForFun/Publish/19/Info2.jpg','Project_ForFun/Publish/19/Info3.jpg',1,1,'台北市中正區徐州路5號',25.0421129,121.5195433,8000,1,100,1,1,'0|1|1|0|1|0|1|1|0',3,'2021-08-09 14:41:39','2021-08-09 14:50:03',NULL),(20,5,'台灣經濟部標準檢驗','Project_ForFun/Publish/20/Title.jpg','搶手貨，不租可惜\n鄰近捷運站，交通便利','Project_ForFun/Publish/20/Info1.jpg','Project_ForFun/Publish/20/Info2.jpg','Project_ForFun/Publish/20/Info3.jpg',1,1,'台北市中正區濟南路一段4號',25.0424079,121.52073949999998,1000,1,100,2,0,'0|0|0|1|1|1|1|1|1',3,'2021-08-09 14:45:00','2021-08-09 14:50:15',NULL),(21,5,'教育部','Project_ForFun/Publish/21/Title.jpg','搶手貨，不租可惜\n鄰近捷運站，交通便利','Project_ForFun/Publish/21/Info1.jpg','Project_ForFun/Publish/21/Info2.jpg','Project_ForFun/Publish/21/Info3.jpg',1,1,'台北市中正區中山南路5號',25.0424561,121.51917909999999,1000,1,100,0,0,'1|1|1|1|1|1|1|1|1',3,'2021-08-09 14:49:13','2021-08-09 14:49:13',NULL),(22,3,'久居棧旅店 9ine Hotel','Project_ForFun/Publish/22/Title.jpg','這間休閒飯店坐落於繁忙交叉路口的街角位置，步行至淡水河約 5 分鐘，距離西門町購物區 2 公里，並距離台北市立美術館 3 公里。','Project_ForFun/Publish/22/Info1.jpg','Project_ForFun/Publish/22/Info2.jpg','Project_ForFun/Publish/22/Info3.jpg',1,2,'台北市大同區延平北路二段255號2樓',25.0625376,121.5115023,1000,1,100,0,1,'0|1|1|0|1|1|1|0|1',3,'2021-08-09 15:32:55','2021-08-09 15:32:55',NULL),(23,3,'御誠地政士事務所','Project_ForFun/Publish/23/Title.jpg','搶手貨，不租可惜\n鄰近捷運站，交通便利','Project_ForFun/Publish/23/Info1.jpg','Project_ForFun/Publish/23/Info2.jpg','Project_ForFun/Publish/23/Info3.jpg',1,2,'台北市大同區延平北路二段288號6樓',25.0628285,121.5106761,5000,2,10,0,0,'1|1|1|1|0|1|1|0|1',3,'2021-08-09 15:38:49','2021-08-09 15:38:49',NULL),(24,3,'高級辦公室','Project_ForFun/Publish/24/Title.jpg','搶手貨，不租可惜\n鄰近捷運站，交通便利','Project_ForFun/Publish/24/Info1.jpg','Project_ForFun/Publish/24/Info2.jpg','Project_ForFun/Publish/24/Info3.jpg',1,2,'台北市大同區民權西路237-1號',25.063117599999998,121.51172469999999,1000,1,100,0,0,'1|1|1|1|1|1|1|1|1',3,'2021-08-09 15:54:34','2021-08-09 15:54:34',NULL),(25,3,'雅房近夜市（限女）','Project_ForFun/Publish/25/Title.jpg','搶手貨，不租可惜\n鄰近捷運站，交通便利','Project_ForFun/Publish/25/Info1.jpg','Project_ForFun/Publish/25/Info2.jpg','Project_ForFun/Publish/25/Info3.jpg',1,2,'台北市大同區延平北路三段4號',25.063473899999998,121.51086,10000,6,1000,2,1,'1|1|0|1|0|1|0|1|1',3,'2021-08-09 17:11:20','2021-08-09 17:39:46',NULL),(26,3,'外交部領事事務','Project_ForFun/Publish/26/Title.jpg','搶手貨，不租可惜\n鄰近捷運站，交通便利','Project_ForFun/Publish/26/Info1.jpg','Project_ForFun/Publish/26/Info2.jpg','Project_ForFun/Publish/26/Info3.jpg',1,1,'台北市中正區濟南路一段2-2號號3~5樓',25.0426814,121.52011159999999,4500,12,1000,1,1,'0|1|0|1|0|1|0|1|0',3,'2021-08-09 17:34:52','2021-08-09 17:34:52',NULL);
/*!40000 ALTER TABLE `publish` ENABLE KEYS */;
UNLOCK TABLES;

--
-- Table structure for table `report`
--

DROP TABLE IF EXISTS `report`;
/*!40101 SET @saved_cs_client     = @@character_set_client */;
/*!50503 SET character_set_client = utf8mb4 */;
CREATE TABLE `report` (
  `REPORT_ID` int NOT NULL AUTO_INCREMENT,
  `WHISTLEBLOWER_ID` int DEFAULT NULL,
  `REPORTED_ID` int DEFAULT NULL,
  `TYPE` int NOT NULL DEFAULT '0',
  `MESSAGE` varchar(500) CHARACTER SET utf8 COLLATE utf8_general_ci DEFAULT NULL,
  `REPORT_CLASS` int NOT NULL,
  `POST_ID` int DEFAULT NULL,
  `CHATROOM_ID` int DEFAULT NULL,
  `ITEM` int DEFAULT NULL,
  `CREATE_TIME` datetime NOT NULL DEFAULT CURRENT_TIMESTAMP,
  `DELETE_TIME` datetime DEFAULT NULL,
  PRIMARY KEY (`REPORT_ID`),
  KEY `FK_BLOWRT_idx` (`WHISTLEBLOWER_ID`),
  KEY `FK_REPORTED_idx` (`REPORTED_ID`),
  KEY `FK_POST_ID_idx` (`POST_ID`),
  KEY `FK_REPORT_POSTID_idx` (`POST_ID`),
  KEY `FK_COMMENTID_idx` (`CHATROOM_ID`),
  CONSTRAINT `FK_BLOWRT` FOREIGN KEY (`WHISTLEBLOWER_ID`) REFERENCES `member` (`MEMBER_ID`),
  CONSTRAINT `FK_COMMENTID` FOREIGN KEY (`CHATROOM_ID`) REFERENCES `comment` (`COMMENT_ID`),
  CONSTRAINT `FK_REPORT_POSTID` FOREIGN KEY (`POST_ID`) REFERENCES `post` (`POST_ID`),
  CONSTRAINT `FK_REPORTED` FOREIGN KEY (`REPORTED_ID`) REFERENCES `member` (`MEMBER_ID`)
) ENGINE=InnoDB AUTO_INCREMENT=9 DEFAULT CHARSET=utf8;
/*!40101 SET character_set_client = @saved_cs_client */;

--
-- Dumping data for table `report`
--

LOCK TABLES `report` WRITE;
/*!40000 ALTER TABLE `report` DISABLE KEYS */;
/*!40000 ALTER TABLE `report` ENABLE KEYS */;
UNLOCK TABLES;
/*!40103 SET TIME_ZONE=@OLD_TIME_ZONE */;

/*!40101 SET SQL_MODE=@OLD_SQL_MODE */;
/*!40014 SET FOREIGN_KEY_CHECKS=@OLD_FOREIGN_KEY_CHECKS */;
/*!40014 SET UNIQUE_CHECKS=@OLD_UNIQUE_CHECKS */;
/*!40101 SET CHARACTER_SET_CLIENT=@OLD_CHARACTER_SET_CLIENT */;
/*!40101 SET CHARACTER_SET_RESULTS=@OLD_CHARACTER_SET_RESULTS */;
/*!40101 SET COLLATION_CONNECTION=@OLD_COLLATION_CONNECTION */;
/*!40111 SET SQL_NOTES=@OLD_SQL_NOTES */;

-- Dump completed on 2021-08-09 17:55:25
