-- MySQL dump 10.13  Distrib 8.0.22, for macos10.15 (x86_64)
--
-- Host: localhost    Database: FORFUN
-- ------------------------------------------------------
-- Server version	8.0.23

/*!40101 SET @OLD_CHARACTER_SET_CLIENT=@@CHARACTER_SET_CLIENT */;
/*!40101 SET @OLD_CHARACTER_SET_RESULTS=@@CHARACTER_SET_RESULTS */;
/*!40101 SET @OLD_COLLATION_CONNECTION=@@COLLATION_CONNECTION */;
/*!50503 SET NAMES utf8 */;
/*!40103 SET @OLD_TIME_ZONE=@@TIME_ZONE */;
/*!40103 SET TIME_ZONE='+00:00' */;
/*!40014 SET @OLD_UNIQUE_CHECKS=@@UNIQUE_CHECKS, UNIQUE_CHECKS=0 */;
/*!40014 SET @OLD_FOREIGN_KEY_CHECKS=@@FOREIGN_KEY_CHECKS, FOREIGN_KEY_CHECKS=0 */;
/*!40101 SET @OLD_SQL_MODE=@@SQL_MODE, SQL_MODE='NO_AUTO_VALUE_ON_ZERO' */;
/*!40111 SET @OLD_SQL_NOTES=@@SQL_NOTES, SQL_NOTES=0 */;

--
-- Table structure for table `agreement`
--

DROP TABLE IF EXISTS `agreement`;
/*!40101 SET @saved_cs_client     = @@character_set_client */;
/*!50503 SET character_set_client = utf8mb4 */;
CREATE TABLE `agreement` (
  `AGREEMENT_ID` int NOT NULL AUTO_INCREMENT,
  `ORDER_ID` int NOT NULL,
  `START_DATE` datetime NOT NULL,
  `END_DATE` datetime NOT NULL,
  `AGREEMENT_MONEY` int NOT NULL,
  `AGREEMENT_NOTE` varchar(500) CHARACTER SET utf8 COLLATE utf8_general_ci DEFAULT NULL,
  `LANDLORD_SIGN` varchar(500) CHARACTER SET utf8 COLLATE utf8_general_ci NOT NULL,
  `TENANT＿SIGN` varchar(500) CHARACTER SET utf8 COLLATE utf8_general_ci NOT NULL,
  `CREATE_TIME` datetime NOT NULL DEFAULT CURRENT_TIMESTAMP,
  PRIMARY KEY (`AGREEMENT_ID`),
  KEY `ORDER_ID_idx` (`ORDER_ID`),
  CONSTRAINT `FK_ORDER_ID` FOREIGN KEY (`ORDER_ID`) REFERENCES `order` (`ORDER_ID`)
) ENGINE=InnoDB DEFAULT CHARSET=utf8;
/*!40101 SET character_set_client = @saved_cs_client */;

--
-- Dumping data for table `agreement`
--

LOCK TABLES `agreement` WRITE;
/*!40000 ALTER TABLE `agreement` DISABLE KEYS */;
/*!40000 ALTER TABLE `agreement` ENABLE KEYS */;
UNLOCK TABLES;

--
-- Table structure for table `appointment`
--

DROP TABLE IF EXISTS `appointment`;
/*!40101 SET @saved_cs_client     = @@character_set_client */;
/*!50503 SET character_set_client = utf8mb4 */;
CREATE TABLE `appointment` (
  `APPOINTMENT_ID` int NOT NULL AUTO_INCREMENT COMMENT '預約ID',
  `PUBLISH_ID` int DEFAULT NULL COMMENT '刊登ID',
  `OWNER_ID` int DEFAULT NULL COMMENT '房東ID',
  `TENANT_ID` int DEFAULT NULL COMMENT '房客ID',
  `APPOINTMENT_TIME` datetime DEFAULT NULL COMMENT '預約時間',
  `READ` tinyint DEFAULT NULL COMMENT '已讀',
  `CREATE_TIME` datetime DEFAULT NULL COMMENT '建立時間',
  `UPDATE_TIME` datetime DEFAULT NULL COMMENT '修改時間',
  `DELETE_TIME` datetime DEFAULT NULL COMMENT '刪除時間',
  PRIMARY KEY (`APPOINTMENT_ID`),
  KEY `FK_APPOINT_OWNER_ID_idx` (`OWNER_ID`),
  KEY `FK_APPOINT_TANANT_ID_idx` (`TENANT_ID`),
  KEY `FK_APPOINTMENT_PUBLISH_idx` (`PUBLISH_ID`),
  CONSTRAINT `FK_APPOINT_OWNER_ID` FOREIGN KEY (`OWNER_ID`) REFERENCES `member` (`MEMBER_ID`),
  CONSTRAINT `FK_APPOINT_TANANT_ID` FOREIGN KEY (`TENANT_ID`) REFERENCES `member` (`MEMBER_ID`),
  CONSTRAINT `FK_APPOINTMENT_PUBLISH` FOREIGN KEY (`PUBLISH_ID`) REFERENCES `publish` (`PUBLISH_ID`)
) ENGINE=InnoDB DEFAULT CHARSET=utf8 COLLATE=utf8_unicode_ci COMMENT='預約單資料表';
/*!40101 SET character_set_client = @saved_cs_client */;

--
-- Dumping data for table `appointment`
--

LOCK TABLES `appointment` WRITE;
/*!40000 ALTER TABLE `appointment` DISABLE KEYS */;
/*!40000 ALTER TABLE `appointment` ENABLE KEYS */;
UNLOCK TABLES;

--
-- Table structure for table `area`
--

DROP TABLE IF EXISTS `area`;
/*!40101 SET @saved_cs_client     = @@character_set_client */;
/*!50503 SET character_set_client = utf8mb4 */;
CREATE TABLE `area` (
  `AREA_ID` int NOT NULL AUTO_INCREMENT COMMENT '地區ID',
  `CITY_ID` int DEFAULT NULL COMMENT '縣市ID',
  `AREA_NAME` varchar(500) CHARACTER SET utf8 COLLATE utf8_unicode_ci DEFAULT NULL COMMENT '地區名稱',
  `CREATE_TIME` datetime NOT NULL DEFAULT CURRENT_TIMESTAMP COMMENT '建立時間',
  `UPDATE_TIME` datetime DEFAULT NULL COMMENT '修改時間',
  `DELETE_TIME` datetime DEFAULT NULL COMMENT '刪除時間',
  PRIMARY KEY (`AREA_ID`),
  KEY `FK_AREA_CITY_idx` (`CITY_ID`),
  CONSTRAINT `FK_AREA_CITY` FOREIGN KEY (`CITY_ID`) REFERENCES `city` (`CITY_ID`)
) ENGINE=InnoDB AUTO_INCREMENT=370 DEFAULT CHARSET=utf8 COLLATE=utf8_unicode_ci COMMENT='地區';
/*!40101 SET character_set_client = @saved_cs_client */;

--
-- Dumping data for table `area`
--

LOCK TABLES `area` WRITE;
/*!40000 ALTER TABLE `area` DISABLE KEYS */;
INSERT INTO `area` VALUES (1,1,'中正區','2020-06-10 12:00:00',NULL,NULL),(2,1,'大同區','2020-06-10 12:00:00',NULL,NULL),(3,1,'中山區','2020-06-10 12:00:00',NULL,NULL),(4,1,'松山區','2020-06-10 12:00:00',NULL,NULL),(5,1,'大安區','2020-06-10 12:00:00',NULL,NULL),(6,1,'萬華區','2020-06-10 12:00:00',NULL,NULL),(7,1,'信義區','2020-06-10 12:00:00',NULL,NULL),(8,1,'士林區','2020-06-10 12:00:00',NULL,NULL),(9,1,'北投區','2020-06-10 12:00:00',NULL,NULL),(10,1,'內湖區','2020-06-10 12:00:00',NULL,NULL),(11,1,'南港區','2020-06-10 12:00:00',NULL,NULL),(12,1,'文山區','2020-06-10 12:00:00',NULL,NULL),(13,3,'仁愛區','2020-06-10 12:00:00',NULL,NULL),(14,3,'信義區','2020-06-10 12:00:00',NULL,NULL),(15,3,'中正區','2020-06-10 12:00:00',NULL,NULL),(16,3,'中山區','2020-06-10 12:00:00',NULL,NULL),(17,3,'安樂區','2020-06-10 12:00:00',NULL,NULL),(18,3,'暖暖區','2020-06-10 12:00:00',NULL,NULL),(19,3,'七堵區','2020-06-10 12:00:00',NULL,NULL),(20,2,'萬里區','2020-06-10 12:00:00',NULL,NULL),(21,2,'金山區','2020-06-10 12:00:00',NULL,NULL),(22,2,'板橋區','2020-06-10 12:00:00',NULL,NULL),(23,2,'汐止區','2020-06-10 12:00:00',NULL,NULL),(24,2,'深坑區','2020-06-10 12:00:00',NULL,NULL),(25,2,'石碇區','2020-06-10 12:00:00',NULL,NULL),(26,2,'瑞芳區','2020-06-10 12:00:00',NULL,NULL),(27,2,'平溪區','2020-06-10 12:00:00',NULL,NULL),(28,2,'雙溪區','2020-06-10 12:00:00',NULL,NULL),(29,2,'貢寮區','2020-06-10 12:00:00',NULL,NULL),(30,2,'新店區','2020-06-10 12:00:00',NULL,NULL),(31,2,'坪林區','2020-06-10 12:00:00',NULL,NULL),(32,2,'烏來區','2020-06-10 12:00:00',NULL,NULL),(33,2,'永和區','2020-06-10 12:00:00',NULL,NULL),(34,2,'中和區','2020-06-10 12:00:00',NULL,NULL),(35,2,'土城區','2020-06-10 12:00:00',NULL,NULL),(36,2,'三峽區','2020-06-10 12:00:00',NULL,NULL),(37,2,'樹林區','2020-06-10 12:00:00',NULL,NULL),(38,2,'鶯歌區','2020-06-10 12:00:00',NULL,NULL),(39,2,'三重區','2020-06-10 12:00:00',NULL,NULL),(40,2,'新莊區','2020-06-10 12:00:00',NULL,NULL),(41,2,'泰山區','2020-06-10 12:00:00',NULL,NULL),(42,2,'林口區','2020-06-10 12:00:00',NULL,NULL),(43,2,'蘆洲區','2020-06-10 12:00:00',NULL,NULL),(44,2,'五股區','2020-06-10 12:00:00',NULL,NULL),(45,2,'八里區','2020-06-10 12:00:00',NULL,NULL),(46,2,'淡水區','2020-06-10 12:00:00',NULL,NULL),(47,2,'三芝區','2020-06-10 12:00:00',NULL,NULL),(48,2,'石門區','2020-06-10 12:00:00',NULL,NULL),(49,17,'宜蘭市','2020-06-10 12:00:00',NULL,NULL),(50,17,'頭城鎮','2020-06-10 12:00:00',NULL,NULL),(51,17,'礁溪鄉','2020-06-10 12:00:00',NULL,NULL),(52,17,'壯圍鄉','2020-06-10 12:00:00',NULL,NULL),(53,17,'員山鄉','2020-06-10 12:00:00',NULL,NULL),(54,17,'羅東鎮','2020-06-10 12:00:00',NULL,NULL),(55,17,'三星鄉','2020-06-10 12:00:00',NULL,NULL),(56,17,'大同鄉','2020-06-10 12:00:00',NULL,NULL),(57,17,'五結鄉','2020-06-10 12:00:00',NULL,NULL),(58,17,'冬山鄉','2020-06-10 12:00:00',NULL,NULL),(59,17,'蘇澳鎮','2020-06-10 12:00:00',NULL,NULL),(60,17,'南澳鄉','2020-06-10 12:00:00',NULL,NULL),(61,5,'東區','2020-06-10 12:00:00',NULL,NULL),(62,5,'北區','2020-06-10 12:00:00',NULL,NULL),(63,5,'香山區','2020-06-10 12:00:00',NULL,NULL),(64,6,'竹北市','2020-06-10 12:00:00',NULL,NULL),(65,6,'湖口鄉','2020-06-10 12:00:00',NULL,NULL),(66,6,'新豐鄉','2020-06-10 12:00:00',NULL,NULL),(67,6,'新埔鎮','2020-06-10 12:00:00',NULL,NULL),(68,6,'關西鎮','2020-06-10 12:00:00',NULL,NULL),(69,6,'芎林鄉','2020-06-10 12:00:00',NULL,NULL),(70,6,'寶山鄉','2020-06-10 12:00:00',NULL,NULL),(71,6,'竹東鎮','2020-06-10 12:00:00',NULL,NULL),(72,6,'五峰鄉','2020-06-10 12:00:00',NULL,NULL),(73,6,'橫山鄉','2020-06-10 12:00:00',NULL,NULL),(74,6,'尖石鄉','2020-06-10 12:00:00',NULL,NULL),(75,6,'北埔鄉','2020-06-10 12:00:00',NULL,NULL),(76,6,'峨嵋鄉','2020-06-10 12:00:00',NULL,NULL),(77,4,'中壢區','2020-06-10 12:00:00',NULL,NULL),(78,4,'平鎮區','2020-06-10 12:00:00',NULL,NULL),(79,4,'龍潭區','2020-06-10 12:00:00',NULL,NULL),(80,4,'楊梅區','2020-06-10 12:00:00',NULL,NULL),(81,4,'新屋區','2020-06-10 12:00:00',NULL,NULL),(82,4,'觀音區','2020-06-10 12:00:00',NULL,NULL),(83,4,'桃園區','2020-06-10 12:00:00',NULL,NULL),(84,4,'龜山區','2020-06-10 12:00:00',NULL,NULL),(85,4,'八德區','2020-06-10 12:00:00',NULL,NULL),(86,4,'大溪區','2020-06-10 12:00:00',NULL,NULL),(87,4,'復興區','2020-06-10 12:00:00',NULL,NULL),(88,4,'大園區','2020-06-10 12:00:00',NULL,NULL),(89,4,'蘆竹區','2020-06-10 12:00:00',NULL,NULL),(90,7,'竹南鎮','2020-06-10 12:00:00',NULL,NULL),(91,7,'頭份市','2020-06-10 12:00:00',NULL,NULL),(92,7,'三灣鄉','2020-06-10 12:00:00',NULL,NULL),(93,7,'南庄鄉','2020-06-10 12:00:00',NULL,NULL),(94,7,'獅潭鄉','2020-06-10 12:00:00',NULL,NULL),(95,7,'後龍鎮','2020-06-10 12:00:00',NULL,NULL),(96,7,'通霄鎮','2020-06-10 12:00:00',NULL,NULL),(97,7,'苑裡鎮','2020-06-10 12:00:00',NULL,NULL),(98,7,'苗栗市','2020-06-10 12:00:00',NULL,NULL),(99,7,'造橋鄉','2020-06-10 12:00:00',NULL,NULL),(100,7,'頭屋鄉','2020-06-10 12:00:00',NULL,NULL),(101,7,'公館鄉','2020-06-10 12:00:00',NULL,NULL),(102,7,'大湖鄉','2020-06-10 12:00:00',NULL,NULL),(103,7,'泰安鄉','2020-06-10 12:00:00',NULL,NULL),(104,7,'銅鑼鄉','2020-06-10 12:00:00',NULL,NULL),(105,7,'三義鄉','2020-06-10 12:00:00',NULL,NULL),(106,7,'西湖鄉','2020-06-10 12:00:00',NULL,NULL),(107,7,'卓蘭鎮','2020-06-10 12:00:00',NULL,NULL),(108,8,'中區','2020-06-10 12:00:00',NULL,NULL),(109,8,'東區','2020-06-10 12:00:00',NULL,NULL),(110,8,'南區','2020-06-10 12:00:00',NULL,NULL),(111,8,'西區','2020-06-10 12:00:00',NULL,NULL),(112,8,'北區','2020-06-10 12:00:00',NULL,NULL),(113,8,'北屯區','2020-06-10 12:00:00',NULL,NULL),(114,8,'西屯區','2020-06-10 12:00:00',NULL,NULL),(115,8,'南屯區','2020-06-10 12:00:00',NULL,NULL),(116,8,'太平區','2020-06-10 12:00:00',NULL,NULL),(117,8,'大里區','2020-06-10 12:00:00',NULL,NULL),(118,8,'霧峰區','2020-06-10 12:00:00',NULL,NULL),(119,8,'烏日區','2020-06-10 12:00:00',NULL,NULL),(120,8,'豐原區','2020-06-10 12:00:00',NULL,NULL),(121,8,'后里區','2020-06-10 12:00:00',NULL,NULL),(122,8,'石岡區','2020-06-10 12:00:00',NULL,NULL),(123,8,'東勢區','2020-06-10 12:00:00',NULL,NULL),(124,8,'和平區','2020-06-10 12:00:00',NULL,NULL),(125,8,'新社區','2020-06-10 12:00:00',NULL,NULL),(126,8,'潭子區','2020-06-10 12:00:00',NULL,NULL),(127,8,'大雅區','2020-06-10 12:00:00',NULL,NULL),(128,8,'神岡區','2020-06-10 12:00:00',NULL,NULL),(129,8,'大肚區','2020-06-10 12:00:00',NULL,NULL),(130,8,'沙鹿區','2020-06-10 12:00:00',NULL,NULL),(131,8,'龍井區','2020-06-10 12:00:00',NULL,NULL),(132,8,'梧棲區','2020-06-10 12:00:00',NULL,NULL),(133,8,'清水區','2020-06-10 12:00:00',NULL,NULL),(134,8,'大甲區','2020-06-10 12:00:00',NULL,NULL),(135,8,'外埔區','2020-06-10 12:00:00',NULL,NULL),(136,8,'大安區','2020-06-10 12:00:00',NULL,NULL),(137,9,'彰化市','2020-06-10 12:00:00',NULL,NULL),(138,9,'芬園鄉','2020-06-10 12:00:00',NULL,NULL),(139,9,'花壇鄉','2020-06-10 12:00:00',NULL,NULL),(140,9,'秀水鄉','2020-06-10 12:00:00',NULL,NULL),(141,9,'鹿港鎮','2020-06-10 12:00:00',NULL,NULL),(142,9,'福興鄉','2020-06-10 12:00:00',NULL,NULL),(143,9,'線西鄉','2020-06-10 12:00:00',NULL,NULL),(144,9,'和美鎮','2020-06-10 12:00:00',NULL,NULL),(145,9,'伸港鄉','2020-06-10 12:00:00',NULL,NULL),(146,9,'員林市','2020-06-10 12:00:00',NULL,NULL),(147,9,'社頭鄉','2020-06-10 12:00:00',NULL,NULL),(148,9,'永靖鄉','2020-06-10 12:00:00',NULL,NULL),(149,9,'埔心鄉','2020-06-10 12:00:00',NULL,NULL),(150,9,'溪湖鎮','2020-06-10 12:00:00',NULL,NULL),(151,9,'大村鄉','2020-06-10 12:00:00',NULL,NULL),(152,9,'埔鹽鄉','2020-06-10 12:00:00',NULL,NULL),(153,9,'田中鎮','2020-06-10 12:00:00',NULL,NULL),(154,9,'北斗鎮','2020-06-10 12:00:00',NULL,NULL),(155,9,'田尾鄉','2020-06-10 12:00:00',NULL,NULL),(156,9,'埤頭鄉','2020-06-10 12:00:00',NULL,NULL),(157,9,'溪州鄉','2020-06-10 12:00:00',NULL,NULL),(158,9,'竹塘鄉','2020-06-10 12:00:00',NULL,NULL),(159,9,'二林鎮','2020-06-10 12:00:00',NULL,NULL),(160,9,'大城鄉','2020-06-10 12:00:00',NULL,NULL),(161,9,'芳苑鄉','2020-06-10 12:00:00',NULL,NULL),(162,9,'二水鄉','2020-06-10 12:00:00',NULL,NULL),(163,10,'南投市','2020-06-10 12:00:00',NULL,NULL),(164,10,'中寮鄉','2020-06-10 12:00:00',NULL,NULL),(165,10,'草屯鎮','2020-06-10 12:00:00',NULL,NULL),(166,10,'國姓鄉','2020-06-10 12:00:00',NULL,NULL),(167,10,'埔里鎮','2020-06-10 12:00:00',NULL,NULL),(168,10,'仁愛鄉','2020-06-10 12:00:00',NULL,NULL),(169,10,'名間鄉','2020-06-10 12:00:00',NULL,NULL),(170,10,'集集鎮','2020-06-10 12:00:00',NULL,NULL),(171,10,'水里鄉','2020-06-10 12:00:00',NULL,NULL),(172,10,'魚池鄉','2020-06-10 12:00:00',NULL,NULL),(173,10,'信義鄉','2020-06-10 12:00:00',NULL,NULL),(174,10,'竹山鎮','2020-06-10 12:00:00',NULL,NULL),(175,10,'鹿谷鄉','2020-06-10 12:00:00',NULL,NULL),(176,11,'西區','2020-06-10 12:00:00',NULL,NULL),(177,11,'東區','2020-06-10 12:00:00',NULL,NULL),(178,12,'番路鄉','2020-06-10 12:00:00',NULL,NULL),(179,12,'梅山鄉','2020-06-10 12:00:00',NULL,NULL),(180,12,'竹崎鄉','2020-06-10 12:00:00',NULL,NULL),(181,12,'阿里山鄉','2020-06-10 12:00:00',NULL,NULL),(182,12,'中埔鄉','2020-06-10 12:00:00',NULL,NULL),(183,12,'大埔鄉','2020-06-10 12:00:00',NULL,NULL),(184,12,'水上鄉','2020-06-10 12:00:00',NULL,NULL),(185,12,'鹿草鄉','2020-06-10 12:00:00',NULL,NULL),(186,12,'太保市','2020-06-10 12:00:00',NULL,NULL),(187,12,'朴子市','2020-06-10 12:00:00',NULL,NULL),(188,12,'東石鄉','2020-06-10 12:00:00',NULL,NULL),(189,12,'六腳鄉','2020-06-10 12:00:00',NULL,NULL),(190,12,'新港鄉','2020-06-10 12:00:00',NULL,NULL),(191,12,'民雄鄉','2020-06-10 12:00:00',NULL,NULL),(192,12,'大林鎮','2020-06-10 12:00:00',NULL,NULL),(193,12,'溪口鄉','2020-06-10 12:00:00',NULL,NULL),(194,12,'義竹鄉','2020-06-10 12:00:00',NULL,NULL),(195,12,'布袋鎮','2020-06-10 12:00:00',NULL,NULL),(196,13,'斗南鎮','2020-06-10 12:00:00',NULL,NULL),(197,13,'大埤鄉','2020-06-10 12:00:00',NULL,NULL),(198,13,'虎尾鎮','2020-06-10 12:00:00',NULL,NULL),(199,13,'土庫鎮','2020-06-10 12:00:00',NULL,NULL),(200,13,'褒忠鄉','2020-06-10 12:00:00',NULL,NULL),(201,13,'東勢鄉','2020-06-10 12:00:00',NULL,NULL),(202,13,'臺西鄉','2020-06-10 12:00:00',NULL,NULL),(203,13,'崙背鄉','2020-06-10 12:00:00',NULL,NULL),(204,13,'麥寮鄉','2020-06-10 12:00:00',NULL,NULL),(205,13,'斗六市','2020-06-10 12:00:00',NULL,NULL),(206,13,'林內鄉','2020-06-10 12:00:00',NULL,NULL),(207,13,'古坑鄉','2020-06-10 12:00:00',NULL,NULL),(208,13,'莿桐鄉','2020-06-10 12:00:00',NULL,NULL),(209,13,'西螺鎮','2020-06-10 12:00:00',NULL,NULL),(210,13,'二崙鄉','2020-06-10 12:00:00',NULL,NULL),(211,13,'北港鎮','2020-06-10 12:00:00',NULL,NULL),(212,13,'水林鄉','2020-06-10 12:00:00',NULL,NULL),(213,13,'口湖鄉','2020-06-10 12:00:00',NULL,NULL),(214,13,'四湖鄉','2020-06-10 12:00:00',NULL,NULL),(215,13,'元長鄉','2020-06-10 12:00:00',NULL,NULL),(216,14,'中西區','2020-06-10 12:00:00',NULL,NULL),(217,14,'東區','2020-06-10 12:00:00',NULL,NULL),(218,14,'南區','2020-06-10 12:00:00',NULL,NULL),(219,14,'北區','2020-06-10 12:00:00',NULL,NULL),(220,14,'安平區','2020-06-10 12:00:00',NULL,NULL),(221,14,'安南區','2020-06-10 12:00:00',NULL,NULL),(222,14,'永康區','2020-06-10 12:00:00',NULL,NULL),(223,14,'歸仁區','2020-06-10 12:00:00',NULL,NULL),(224,14,'新化區','2020-06-10 12:00:00',NULL,NULL),(225,14,'左鎮區','2020-06-10 12:00:00',NULL,NULL),(226,14,'玉井區','2020-06-10 12:00:00',NULL,NULL),(227,14,'楠西區','2020-06-10 12:00:00',NULL,NULL),(228,14,'南化區','2020-06-10 12:00:00',NULL,NULL),(229,14,'仁德區','2020-06-10 12:00:00',NULL,NULL),(230,14,'關廟區','2020-06-10 12:00:00',NULL,NULL),(231,14,'龍崎區','2020-06-10 12:00:00',NULL,NULL),(232,14,'官田區','2020-06-10 12:00:00',NULL,NULL),(233,14,'麻豆區','2020-06-10 12:00:00',NULL,NULL),(234,14,'佳里區','2020-06-10 12:00:00',NULL,NULL),(235,14,'西港區','2020-06-10 12:00:00',NULL,NULL),(236,14,'七股區','2020-06-10 12:00:00',NULL,NULL),(237,14,'將軍區','2020-06-10 12:00:00',NULL,NULL),(238,14,'學甲區','2020-06-10 12:00:00',NULL,NULL),(239,14,'北門區','2020-06-10 12:00:00',NULL,NULL),(240,14,'新營區','2020-06-10 12:00:00',NULL,NULL),(241,14,'後壁區','2020-06-10 12:00:00',NULL,NULL),(242,14,'白河區','2020-06-10 12:00:00',NULL,NULL),(243,14,'東山區','2020-06-10 12:00:00',NULL,NULL),(244,14,'六甲區','2020-06-10 12:00:00',NULL,NULL),(245,14,'下營區','2020-06-10 12:00:00',NULL,NULL),(246,14,'柳營區','2020-06-10 12:00:00',NULL,NULL),(247,14,'鹽水區','2020-06-10 12:00:00',NULL,NULL),(248,14,'善化區','2020-06-10 12:00:00',NULL,NULL),(249,14,'大內區','2020-06-10 12:00:00',NULL,NULL),(250,14,'山上區','2020-06-10 12:00:00',NULL,NULL),(251,14,'新市區','2020-06-10 12:00:00',NULL,NULL),(252,14,'安定區','2020-06-10 12:00:00',NULL,NULL),(253,15,'新興區','2020-06-10 12:00:00',NULL,NULL),(254,15,'前金區','2020-06-10 12:00:00',NULL,NULL),(255,15,'芩雅區','2020-06-10 12:00:00',NULL,NULL),(256,15,'鹽埕區','2020-06-10 12:00:00',NULL,NULL),(257,15,'鼓山區','2020-06-10 12:00:00',NULL,NULL),(258,15,'旗津區','2020-06-10 12:00:00',NULL,NULL),(259,15,'前鎮區','2020-06-10 12:00:00',NULL,NULL),(260,15,'三民區','2020-06-10 12:00:00',NULL,NULL),(261,15,'楠梓區','2020-06-10 12:00:00',NULL,NULL),(262,15,'小港區','2020-06-10 12:00:00',NULL,NULL),(263,15,'左營區','2020-06-10 12:00:00',NULL,NULL),(264,15,'仁武區','2020-06-10 12:00:00',NULL,NULL),(265,15,'大社區','2020-06-10 12:00:00',NULL,NULL),(266,15,'岡山區','2020-06-10 12:00:00',NULL,NULL),(267,15,'路竹區','2020-06-10 12:00:00',NULL,NULL),(268,15,'阿蓮區','2020-06-10 12:00:00',NULL,NULL),(269,15,'田寮區','2020-06-10 12:00:00',NULL,NULL),(270,15,'燕巢區','2020-06-10 12:00:00',NULL,NULL),(271,15,'橋頭區','2020-06-10 12:00:00',NULL,NULL),(272,15,'梓官區','2020-06-10 12:00:00',NULL,NULL),(273,15,'彌陀區','2020-06-10 12:00:00',NULL,NULL),(274,15,'永安區','2020-06-10 12:00:00',NULL,NULL),(275,15,'湖內區','2020-06-10 12:00:00',NULL,NULL),(276,15,'鳳山區','2020-06-10 12:00:00',NULL,NULL),(277,15,'大寮區','2020-06-10 12:00:00',NULL,NULL),(278,15,'林園區','2020-06-10 12:00:00',NULL,NULL),(279,15,'鳥松區','2020-06-10 12:00:00',NULL,NULL),(280,15,'大樹區','2020-06-10 12:00:00',NULL,NULL),(281,15,'旗山區','2020-06-10 12:00:00',NULL,NULL),(282,15,'美濃區','2020-06-10 12:00:00',NULL,NULL),(283,15,'六龜區','2020-06-10 12:00:00',NULL,NULL),(284,15,'內門區','2020-06-10 12:00:00',NULL,NULL),(285,15,'杉林區','2020-06-10 12:00:00',NULL,NULL),(286,15,'甲仙區','2020-06-10 12:00:00',NULL,NULL),(287,15,'桃源區','2020-06-10 12:00:00',NULL,NULL),(288,15,'三民區','2020-06-10 12:00:00',NULL,NULL),(289,15,'那瑪夏區','2020-06-10 12:00:00',NULL,NULL),(290,15,'茂林區','2020-06-10 12:00:00',NULL,NULL),(291,15,'茄萣區','2020-06-10 12:00:00',NULL,NULL),(292,20,'馬公市','2020-06-10 12:00:00',NULL,NULL),(293,20,'西嶼鄉','2020-06-10 12:00:00',NULL,NULL),(294,20,'望安鄉','2020-06-10 12:00:00',NULL,NULL),(295,20,'七美鄉','2020-06-10 12:00:00',NULL,NULL),(296,20,'白沙鄉','2020-06-10 12:00:00',NULL,NULL),(297,20,'湖西鄉','2020-06-10 12:00:00',NULL,NULL),(298,16,'屏東市','2020-06-10 12:00:00',NULL,NULL),(299,16,'三地門鄉','2020-06-10 12:00:00',NULL,NULL),(300,16,'霧臺鄉','2020-06-10 12:00:00',NULL,NULL),(301,16,'瑪家鄉','2020-06-10 12:00:00',NULL,NULL),(302,16,'九如鄉','2020-06-10 12:00:00',NULL,NULL),(303,16,'里港鄉','2020-06-10 12:00:00',NULL,NULL),(304,16,'高樹鄉','2020-06-10 12:00:00',NULL,NULL),(305,16,'盬埔鄉','2020-06-10 12:00:00',NULL,NULL),(306,16,'長治鄉','2020-06-10 12:00:00',NULL,NULL),(307,16,'麟洛鄉','2020-06-10 12:00:00',NULL,NULL),(308,16,'竹田鄉','2020-06-10 12:00:00',NULL,NULL),(309,16,'內埔鄉','2020-06-10 12:00:00',NULL,NULL),(310,16,'萬丹鄉','2020-06-10 12:00:00',NULL,NULL),(311,16,'潮州鎮','2020-06-10 12:00:00',NULL,NULL),(312,16,'泰武鄉','2020-06-10 12:00:00',NULL,NULL),(313,16,'來義鄉','2020-06-10 12:00:00',NULL,NULL),(314,16,'萬巒鄉','2020-06-10 12:00:00',NULL,NULL),(315,16,'崁頂鄉','2020-06-10 12:00:00',NULL,NULL),(316,16,'新埤鄉','2020-06-10 12:00:00',NULL,NULL),(317,16,'南州鄉','2020-06-10 12:00:00',NULL,NULL),(318,16,'林邊鄉','2020-06-10 12:00:00',NULL,NULL),(319,16,'東港鎮','2020-06-10 12:00:00',NULL,NULL),(320,16,'琉球鄉','2020-06-10 12:00:00',NULL,NULL),(321,16,'佳冬鄉','2020-06-10 12:00:00',NULL,NULL),(322,16,'新園鄉','2020-06-10 12:00:00',NULL,NULL),(323,16,'枋寮鄉','2020-06-10 12:00:00',NULL,NULL),(324,16,'枋山鄉','2020-06-10 12:00:00',NULL,NULL),(325,16,'春日鄉','2020-06-10 12:00:00',NULL,NULL),(326,16,'獅子鄉','2020-06-10 12:00:00',NULL,NULL),(327,16,'車城鄉','2020-06-10 12:00:00',NULL,NULL),(328,16,'牡丹鄉','2020-06-10 12:00:00',NULL,NULL),(329,16,'恆春鎮','2020-06-10 12:00:00',NULL,NULL),(330,16,'滿州鄉','2020-06-10 12:00:00',NULL,NULL),(331,19,'臺東市','2020-06-10 12:00:00',NULL,NULL),(332,19,'綠島鄉','2020-06-10 12:00:00',NULL,NULL),(333,19,'蘭嶼鄉','2020-06-10 12:00:00',NULL,NULL),(334,19,'延平鄉','2020-06-10 12:00:00',NULL,NULL),(335,19,'卑南鄉','2020-06-10 12:00:00',NULL,NULL),(336,19,'鹿野鄉','2020-06-10 12:00:00',NULL,NULL),(337,19,'關山鎮','2020-06-10 12:00:00',NULL,NULL),(338,19,'海端鄉','2020-06-10 12:00:00',NULL,NULL),(339,19,'池上鄉','2020-06-10 12:00:00',NULL,NULL),(340,19,'東河鄉','2020-06-10 12:00:00',NULL,NULL),(341,19,'成功鎮','2020-06-10 12:00:00',NULL,NULL),(342,19,'長濱鄉','2020-06-10 12:00:00',NULL,NULL),(343,19,'太麻里鄉','2020-06-10 12:00:00',NULL,NULL),(344,19,'金峰鄉','2020-06-10 12:00:00',NULL,NULL),(345,19,'大武鄉','2020-06-10 12:00:00',NULL,NULL),(346,19,'達仁鄉','2020-06-10 12:00:00',NULL,NULL),(347,18,'花蓮市','2020-06-10 12:00:00',NULL,NULL),(348,18,'新城鄉','2020-06-10 12:00:00',NULL,NULL),(349,18,'秀林鄉','2020-06-10 12:00:00',NULL,NULL),(350,18,'吉安鄉','2020-06-10 12:00:00',NULL,NULL),(351,18,'壽豐鄉','2020-06-10 12:00:00',NULL,NULL),(352,18,'鳳林鎮','2020-06-10 12:00:00',NULL,NULL),(353,18,'光復鄉','2020-06-10 12:00:00',NULL,NULL),(354,18,'豐濱鄉','2020-06-10 12:00:00',NULL,NULL),(355,18,'瑞穗鄉','2020-06-10 12:00:00',NULL,NULL),(356,18,'萬榮鄉','2020-06-10 12:00:00',NULL,NULL),(357,18,'玉里鎮','2020-06-10 12:00:00',NULL,NULL),(358,18,'卓溪鄉','2020-06-10 12:00:00',NULL,NULL),(359,18,'富里鄉','2020-06-10 12:00:00',NULL,NULL),(360,21,'金沙鎮','2020-06-10 12:00:00',NULL,NULL),(361,21,'金湖鎮','2020-06-10 12:00:00',NULL,NULL),(362,21,'金寧鄉','2020-06-10 12:00:00',NULL,NULL),(363,21,'金城鎮','2020-06-10 12:00:00',NULL,NULL),(364,21,'烈嶼鄉','2020-06-10 12:00:00',NULL,NULL),(365,21,'烏坵鄉','2020-06-10 12:00:00',NULL,NULL),(366,22,'南竿鄉','2020-06-10 12:00:00',NULL,NULL),(367,22,'北竿鄉','2020-06-10 12:00:00',NULL,NULL),(368,22,'莒光鄉','2020-06-10 12:00:00',NULL,NULL),(369,22,'東引鄉','2020-06-10 12:00:00',NULL,NULL);
/*!40000 ALTER TABLE `area` ENABLE KEYS */;
UNLOCK TABLES;

--
-- Table structure for table `chatroom`
--

DROP TABLE IF EXISTS `chatroom`;
/*!40101 SET @saved_cs_client     = @@character_set_client */;
/*!50503 SET character_set_client = utf8mb4 */;
CREATE TABLE `chatroom` (
  `CHATROOM_ID` int NOT NULL AUTO_INCREMENT,
  `MEMBER_ID_1` int NOT NULL,
  `MEMBER_ID_2` int NOT NULL,
  `CREATE_TIME` datetime DEFAULT NULL,
  `UPDATE_TIME` datetime DEFAULT NULL,
  `DELETE_TIME` datetime DEFAULT NULL,
  PRIMARY KEY (`CHATROOM_ID`),
  KEY `FK_MEMBER1_ID_idx` (`MEMBER_ID_1`),
  KEY `FK_MEMBER2_ID_idx` (`MEMBER_ID_2`),
  CONSTRAINT `FK_MEMBER1_ID` FOREIGN KEY (`MEMBER_ID_1`) REFERENCES `member` (`MEMBER_ID`),
  CONSTRAINT `FK_MEMBER2_ID` FOREIGN KEY (`MEMBER_ID_2`) REFERENCES `member` (`MEMBER_ID`)
) ENGINE=InnoDB DEFAULT CHARSET=utf8;
/*!40101 SET character_set_client = @saved_cs_client */;

--
-- Dumping data for table `chatroom`
--

LOCK TABLES `chatroom` WRITE;
/*!40000 ALTER TABLE `chatroom` DISABLE KEYS */;
/*!40000 ALTER TABLE `chatroom` ENABLE KEYS */;
UNLOCK TABLES;

--
-- Table structure for table `city`
--

DROP TABLE IF EXISTS `city`;
/*!40101 SET @saved_cs_client     = @@character_set_client */;
/*!50503 SET character_set_client = utf8mb4 */;
CREATE TABLE `city` (
  `CITY_ID` int NOT NULL AUTO_INCREMENT COMMENT '縣市ID',
  `CITY_NAME` varchar(500) CHARACTER SET utf8 COLLATE utf8_unicode_ci DEFAULT NULL COMMENT '縣市名稱',
  `CREATE_TIME` datetime DEFAULT NULL COMMENT '建立時間',
  `UPDATE_TIME` datetime DEFAULT NULL COMMENT '修改時間',
  `DELETE_TIME` datetime DEFAULT NULL COMMENT '刪除時間',
  PRIMARY KEY (`CITY_ID`)
) ENGINE=InnoDB AUTO_INCREMENT=23 DEFAULT CHARSET=utf8 COLLATE=utf8_unicode_ci COMMENT='縣市';
/*!40101 SET character_set_client = @saved_cs_client */;

--
-- Dumping data for table `city`
--

LOCK TABLES `city` WRITE;
/*!40000 ALTER TABLE `city` DISABLE KEYS */;
INSERT INTO `city` VALUES (1,'台北市','2020-06-10 12:00:00',NULL,NULL),(2,'新北市','2020-06-10 12:00:00',NULL,NULL),(3,'基隆市','2020-06-10 12:00:00',NULL,NULL),(4,'桃園市','2020-06-10 12:00:00',NULL,NULL),(5,'新竹市','2020-06-10 12:00:00',NULL,NULL),(6,'新竹縣','2020-06-10 12:00:00',NULL,NULL),(7,'苗栗縣','2020-06-10 12:00:00',NULL,NULL),(8,'台中市','2020-06-10 12:00:00',NULL,NULL),(9,'彰化縣','2020-06-10 12:00:00',NULL,NULL),(10,'南投縣','2020-06-10 12:00:00',NULL,NULL),(11,'嘉義市','2020-06-10 12:00:00',NULL,NULL),(12,'嘉義縣','2020-06-10 12:00:00',NULL,NULL),(13,'雲林縣','2020-06-10 12:00:00',NULL,NULL),(14,'台南市','2020-06-10 12:00:00',NULL,NULL),(15,'高雄市','2020-06-10 12:00:00',NULL,NULL),(16,'屏東縣','2020-06-10 12:00:00',NULL,NULL),(17,'宜蘭縣','2020-06-10 12:00:00',NULL,NULL),(18,'花蓮縣','2020-06-10 12:00:00',NULL,NULL),(19,'台東縣','2020-06-10 12:00:00',NULL,NULL),(20,'澎湖縣','2020-06-10 12:00:00',NULL,NULL),(21,'金門縣','2020-06-10 12:00:00',NULL,NULL),(22,'連江縣','2020-06-10 12:00:00',NULL,NULL);
/*!40000 ALTER TABLE `city` ENABLE KEYS */;
UNLOCK TABLES;

--
-- Table structure for table `comment`
--

DROP TABLE IF EXISTS `comment`;
/*!40101 SET @saved_cs_client     = @@character_set_client */;
/*!50503 SET character_set_client = utf8mb4 */;
CREATE TABLE `comment` (
  `COMMENT_ID` int NOT NULL AUTO_INCREMENT,
  `MEMBER_ID` int NOT NULL,
  `POST_ID` int NOT NULL,
  `COMMENT_MSG` varchar(500) CHARACTER SET utf8 COLLATE utf8_general_ci DEFAULT NULL,
  `CREATE_TIME` datetime NOT NULL DEFAULT CURRENT_TIMESTAMP,
  `UPDATE_TIME` datetime DEFAULT NULL,
  `DELETE_TIME` datetime DEFAULT NULL,
  `READ` tinyint NOT NULL DEFAULT '0',
  PRIMARY KEY (`COMMENT_ID`),
  KEY `FK_MEMBER_ID_idx` (`MEMBER_ID`),
  KEY `FK_POST_ID_idx` (`POST_ID`),
  CONSTRAINT `FK_MEMBER_ID` FOREIGN KEY (`MEMBER_ID`) REFERENCES `member` (`MEMBER_ID`),
  CONSTRAINT `FK_POST_ID` FOREIGN KEY (`POST_ID`) REFERENCES `post` (`POST_ID`)
) ENGINE=InnoDB DEFAULT CHARSET=utf8;
/*!40101 SET character_set_client = @saved_cs_client */;

--
-- Dumping data for table `comment`
--

LOCK TABLES `comment` WRITE;
/*!40000 ALTER TABLE `comment` DISABLE KEYS */;
/*!40000 ALTER TABLE `comment` ENABLE KEYS */;
UNLOCK TABLES;

--
-- Table structure for table `creeditcard`
--

DROP TABLE IF EXISTS `creeditcard`;
/*!40101 SET @saved_cs_client     = @@character_set_client */;
/*!50503 SET character_set_client = utf8mb4 */;
CREATE TABLE `creeditcard` (
  `CREDITCARD_ID` int NOT NULL AUTO_INCREMENT,
  `MEMBER_ID` int NOT NULL,
  `CARD_NUMBER` int NOT NULL,
  `EXP_YEAR` int NOT NULL,
  `EXP_MONTH` int NOT NULL,
  `NAME` varchar(500) CHARACTER SET utf8 COLLATE utf8_general_ci NOT NULL,
  `ADD` varchar(500) CHARACTER SET utf8 COLLATE utf8_general_ci NOT NULL,
  `DEFAUT` tinyint NOT NULL DEFAULT '0',
  `CREATE_TIME` datetime NOT NULL DEFAULT CURRENT_TIMESTAMP,
  `DELETE_TIME` datetime DEFAULT NULL,
  PRIMARY KEY (`CREDITCARD_ID`)
) ENGINE=InnoDB DEFAULT CHARSET=utf8;
/*!40101 SET character_set_client = @saved_cs_client */;

--
-- Dumping data for table `creeditcard`
--

LOCK TABLES `creeditcard` WRITE;
/*!40000 ALTER TABLE `creeditcard` DISABLE KEYS */;
/*!40000 ALTER TABLE `creeditcard` ENABLE KEYS */;
UNLOCK TABLES;

--
-- Table structure for table `customer_service`
--

DROP TABLE IF EXISTS `customer_service`;
/*!40101 SET @saved_cs_client     = @@character_set_client */;
/*!50503 SET character_set_client = utf8mb4 */;
CREATE TABLE `customer_service` (
  `CUSTOMER_ID` int NOT NULL,
  `TYPE` int DEFAULT NULL,
  `MEMBER_ID` int NOT NULL,
  `NICK_NAME` varchar(500) CHARACTER SET utf8 COLLATE utf8_general_ci DEFAULT NULL,
  `MAIL` varchar(500) CHARACTER SET utf8 COLLATE utf8_general_ci DEFAULT NULL,
  `PHONE` int DEFAULT NULL,
  `MSG` varchar(500) CHARACTER SET utf8 COLLATE utf8_general_ci DEFAULT NULL,
  `CREATE_TIME` datetime NOT NULL DEFAULT CURRENT_TIMESTAMP,
  `DELETE_TIME` datetime NOT NULL,
  PRIMARY KEY (`CUSTOMER_ID`),
  KEY `FK_MEMBER_ID_idx` (`MEMBER_ID`),
  CONSTRAINT `FK_MEMID` FOREIGN KEY (`MEMBER_ID`) REFERENCES `member` (`MEMBER_ID`)
) ENGINE=InnoDB DEFAULT CHARSET=utf8;
/*!40101 SET character_set_client = @saved_cs_client */;

--
-- Dumping data for table `customer_service`
--

LOCK TABLES `customer_service` WRITE;
/*!40000 ALTER TABLE `customer_service` DISABLE KEYS */;
/*!40000 ALTER TABLE `customer_service` ENABLE KEYS */;
UNLOCK TABLES;

--
-- Table structure for table `favorite`
--

DROP TABLE IF EXISTS `favorite`;
/*!40101 SET @saved_cs_client     = @@character_set_client */;
/*!50503 SET character_set_client = utf8mb4 */;
CREATE TABLE `favorite` (
  `FAVORITE_ID` int NOT NULL AUTO_INCREMENT,
  `MEMBER_ID` int NOT NULL,
  `PUBLISH_ID` int NOT NULL,
  `CREATE_TIME` datetime NOT NULL DEFAULT CURRENT_TIMESTAMP,
  PRIMARY KEY (`FAVORITE_ID`),
  KEY `MEMBER_ID_idx` (`MEMBER_ID`),
  KEY `PUBLISH_ID_idx` (`PUBLISH_ID`),
  CONSTRAINT `MEMBER_ID` FOREIGN KEY (`MEMBER_ID`) REFERENCES `member` (`MEMBER_ID`),
  CONSTRAINT `PUBLISH_ID` FOREIGN KEY (`PUBLISH_ID`) REFERENCES `publish` (`PUBLISH_ID`)
) ENGINE=InnoDB DEFAULT CHARSET=utf8;
/*!40101 SET character_set_client = @saved_cs_client */;

--
-- Dumping data for table `favorite`
--

LOCK TABLES `favorite` WRITE;
/*!40000 ALTER TABLE `favorite` DISABLE KEYS */;
/*!40000 ALTER TABLE `favorite` ENABLE KEYS */;
UNLOCK TABLES;

--
-- Table structure for table `member`
--

DROP TABLE IF EXISTS `member`;
/*!40101 SET @saved_cs_client     = @@character_set_client */;
/*!50503 SET character_set_client = utf8mb4 */;
CREATE TABLE `member` (
  `MEMBER_ID` int NOT NULL AUTO_INCREMENT,
  `ROLE` int NOT NULL DEFAULT '3',
  `NAME_L` varchar(500) CHARACTER SET utf8 COLLATE utf8_general_ci NOT NULL,
  `NAME_F` varchar(500) CHARACTER SET utf8 COLLATE utf8_general_ci NOT NULL,
  `PHONE` int DEFAULT NULL,
  `HEADSHOT` varchar(500) CHARACTER SET utf8 COLLATE utf8_general_ci DEFAULT NULL,
  `GENDER` int DEFAULT NULL,
  `ID` varchar(10) CHARACTER SET utf8 COLLATE utf8_general_ci DEFAULT NULL,
  `BIRTHDAY` datetime DEFAULT NULL,
  `ADDRESS` varchar(500) CHARACTER SET utf8 COLLATE utf8_general_ci DEFAULT NULL,
  `MAIL` varchar(500) CHARACTER SET utf8 COLLATE utf8_general_ci DEFAULT NULL,
  `TYPE` int NOT NULL DEFAULT '1',
  `TOKEN` varchar(500) CHARACTER SET utf8 COLLATE utf8_general_ci DEFAULT NULL,
  `ID_IMGF` varchar(500) CHARACTER SET utf8 COLLATE utf8_general_ci DEFAULT NULL,
  `ID_IMGB` varchar(500) CHARACTER SET utf8 COLLATE utf8_general_ci DEFAULT NULL,
  `CITIZEN` varchar(500) CHARACTER SET utf8 COLLATE utf8_general_ci DEFAULT NULL,
  `CREATE_TIME` datetime NOT NULL DEFAULT CURRENT_TIMESTAMP,
  `UPDATE_TIME` datetime DEFAULT NULL,
  `DELETE_TIME` datetime DEFAULT NULL,
  PRIMARY KEY (`MEMBER_ID`)
) ENGINE=InnoDB AUTO_INCREMENT=15 DEFAULT CHARSET=utf8;
/*!40101 SET character_set_client = @saved_cs_client */;

--
-- Dumping data for table `member`
--

LOCK TABLES `member` WRITE;
/*!40000 ALTER TABLE `member` DISABLE KEYS */;
INSERT INTO `member` VALUES (1,0,'admin','',NULL,NULL,NULL,NULL,NULL,NULL,NULL,1,NULL,NULL,NULL,NULL,'2021-06-12 19:46:24',NULL,NULL),(2,1,'李','文賢',922877662,NULL,1,'A189271911','2019-03-20 00:00:00','台北市信義區基隆路一段245號','ngdqzmhndh@email.com',1,NULL,NULL,NULL,NULL,'2021-06-12 20:11:05',NULL,NULL),(3,1,'林','怡吟',921371162,'/Project_ForFun/Person/921371162/testphoto.jpg',2,'F205861001','2020-06-01 00:00:00','台北市內湖區康寧路三段202號','test1@email.com',1,NULL,'/Project_ForFun/Person/921371162/ROC_mibunsho.jpg','/Project_ForFun/Person/921371162/ROC_mibunsho_ura.jpg','/Project_ForFun/Person/921371162/goodpeople.png','2021-06-12 20:30:21','2021-06-20 10:01:52',NULL),(4,1,'溫','俊宏',924545884,NULL,1,'F187277081','1992-09-05 00:00:00','新北市板橋區林園街129巷15號2樓','hoyaqojnnt@iubridge.com',1,NULL,NULL,NULL,NULL,'2021-06-12 20:30:21',NULL,NULL),(5,1,'林','玉玲',952894963,NULL,2,'A256873907','1992-12-01 00:00:00','台北市萬華區和平西路三段177號','jsubwpjsju@email.com',1,NULL,NULL,NULL,NULL,'2021-06-12 20:30:21',NULL,NULL),(6,1,'錢','立奇',960917393,NULL,1,'F197272310','2020-02-01 00:00:00','新北市永和區秀朗路一段36巷17號1樓','lbkodplfdq@email.com',1,NULL,NULL,NULL,NULL,'2021-06-12 20:30:21',NULL,NULL),(7,1,'陳','良',929458421,NULL,1,'A196363871','2020-11-11 00:00:00','新北市板橋區四維路84號','fqzsmsvcen@email.com',1,NULL,NULL,NULL,NULL,'2021-06-12 20:30:21',NULL,NULL),(8,1,'李','炳揚',921526256,NULL,1,'A106831868','1992-09-20 00:00:00','台北市大安區和平東路二段83號','oaepshjtds@email.com',1,NULL,NULL,NULL,NULL,'2021-06-12 20:30:21',NULL,NULL),(9,2,'陳','宛真',930362802,NULL,2,'A222223386','2020-10-05 00:00:00','新北市三重區龍濱路7巷1號','peejdyvlxx@email.com',1,NULL,NULL,NULL,NULL,'2021-06-12 20:30:21',NULL,NULL),(10,2,'陳','美惠',930553563,NULL,2,'A272995506','2019-06-01 00:00:00','台北市大安區敦化南路一段188巷17號','srwkfxesds@email.com',1,NULL,NULL,NULL,NULL,'2021-06-12 20:30:21',NULL,NULL),(11,2,'Lee','Jack',916366024,NULL,1,'F197272310','2020-01-05 00:00:00','台北市北投區中山路71號  台北市北投區中山路71號 ','mvxcffbhty@email.com',1,NULL,NULL,NULL,NULL,'2021-06-12 20:30:21',NULL,NULL),(12,1,'林','驊',912345678,'/Project_ForFun/Person/912345678/1624202115479',1,'A123456789','1991-01-23 10:00:00','台北市中山區南京東路三段219號5樓','test@email.com',1,NULL,'/Project_ForFun/Person/912345678/1624202115502','/Project_ForFun/Person/912345678/1624202115497',NULL,'2021-06-20 10:15:17',NULL,NULL),(13,1,'林','驊',912345671,'/Project_ForFun/Person/912345671/1624202207517',1,'A123456789','1991-01-23 10:00:00','台北市中山區南京東路三段219號5樓','test@email.com',1,NULL,'/Project_ForFun/Person/912345671/1624202207547','/Project_ForFun/Person/912345671/1624202207540',NULL,'2021-06-20 10:16:49',NULL,NULL),(14,1,'林','驊',912345673,'/Project_ForFun/Person/912345673/1624202268629',1,'A123456789','1991-01-23 10:00:00','台北市中山區南京東路三段219號5樓','test@email.com',1,NULL,'/Project_ForFun/Person/912345673/1624202268664','/Project_ForFun/Person/912345673/1624202268651',NULL,'2021-06-20 10:17:50',NULL,NULL);
/*!40000 ALTER TABLE `member` ENABLE KEYS */;
UNLOCK TABLES;

--
-- Table structure for table `message`
--

DROP TABLE IF EXISTS `message`;
/*!40101 SET @saved_cs_client     = @@character_set_client */;
/*!50503 SET character_set_client = utf8mb4 */;
CREATE TABLE `message` (
  `MSG_ID` int NOT NULL AUTO_INCREMENT,
  `CHATROOM_ID` int NOT NULL,
  `MEMBER_ID` int NOT NULL,
  `MSG_CHAT` longtext CHARACTER SET utf8 COLLATE utf8_general_ci,
  `MSG_IMG` varchar(500) CHARACTER SET utf8 COLLATE utf8_general_ci DEFAULT NULL,
  `RECORD` varchar(500) CHARACTER SET utf8 COLLATE utf8_general_ci DEFAULT NULL,
  `READ` tinyint NOT NULL DEFAULT '0',
  `CREATE_TIME` datetime NOT NULL DEFAULT CURRENT_TIMESTAMP,
  `UPDATE_TIME` datetime DEFAULT NULL,
  `DELETE_TIME` datetime DEFAULT NULL,
  PRIMARY KEY (`MSG_ID`),
  KEY `FK_CHATROOM_ID_idx` (`CHATROOM_ID`),
  KEY `FK_MEMBER_ID_idx` (`MEMBER_ID`),
  CONSTRAINT `FK_CHATROOM_ID` FOREIGN KEY (`CHATROOM_ID`) REFERENCES `chatroom` (`CHATROOM_ID`),
  CONSTRAINT `FK_MEM_ID` FOREIGN KEY (`MEMBER_ID`) REFERENCES `member` (`MEMBER_ID`)
) ENGINE=InnoDB DEFAULT CHARSET=utf8;
/*!40101 SET character_set_client = @saved_cs_client */;

--
-- Dumping data for table `message`
--

LOCK TABLES `message` WRITE;
/*!40000 ALTER TABLE `message` DISABLE KEYS */;
/*!40000 ALTER TABLE `message` ENABLE KEYS */;
UNLOCK TABLES;

--
-- Table structure for table `notification`
--

DROP TABLE IF EXISTS `notification`;
/*!40101 SET @saved_cs_client     = @@character_set_client */;
/*!50503 SET character_set_client = utf8mb4 */;
CREATE TABLE `notification` (
  `NOTIFICATION_ID` int NOT NULL AUTO_INCREMENT,
  `COMMENT_ID` int DEFAULT NULL COMMENT '留言',
  `APPOINTMENT_ID` int DEFAULT NULL COMMENT '預約',
  `ORDER_ID` int DEFAULT NULL COMMENT '訂單',
  `MESSAGE_ID` int DEFAULT NULL COMMENT '訊息',
  `READ` tinyint NOT NULL DEFAULT '0' COMMENT '點開小鈴鐺即算已讀',
  `CREATE_TIME` datetime NOT NULL DEFAULT CURRENT_TIMESTAMP,
  PRIMARY KEY (`NOTIFICATION_ID`),
  KEY `NOTIFICATION_ID_FK_ORDER_ID_idx` (`ORDER_ID`),
  KEY `FK_COMMENT_idx` (`COMMENT_ID`),
  KEY `FK_MSGID_idx` (`MESSAGE_ID`),
  KEY `FK_APPOINTMENT_ID_idx` (`APPOINTMENT_ID`),
  CONSTRAINT `FK_APPOINTMENT_ID` FOREIGN KEY (`APPOINTMENT_ID`) REFERENCES `appointment` (`APPOINTMENT_ID`),
  CONSTRAINT `FK_COMMENT` FOREIGN KEY (`COMMENT_ID`) REFERENCES `comment` (`COMMENT_ID`),
  CONSTRAINT `FK_MSGID` FOREIGN KEY (`MESSAGE_ID`) REFERENCES `message` (`MSG_ID`),
  CONSTRAINT `NOTIFICATION_ID_FK_ORDER_ID` FOREIGN KEY (`ORDER_ID`) REFERENCES `order` (`ORDER_ID`)
) ENGINE=InnoDB DEFAULT CHARSET=utf8;
/*!40101 SET character_set_client = @saved_cs_client */;

--
-- Dumping data for table `notification`
--

LOCK TABLES `notification` WRITE;
/*!40000 ALTER TABLE `notification` DISABLE KEYS */;
/*!40000 ALTER TABLE `notification` ENABLE KEYS */;
UNLOCK TABLES;

--
-- Table structure for table `order`
--

DROP TABLE IF EXISTS `order`;
/*!40101 SET @saved_cs_client     = @@character_set_client */;
/*!50503 SET character_set_client = utf8mb4 */;
CREATE TABLE `order` (
  `ORDER_ID` int NOT NULL AUTO_INCREMENT,
  `PUBLISH_ID` int NOT NULL,
  `TENANT_ID` int NOT NULL COMMENT '房客ID',
  `PUBLISH_STAR` int DEFAULT NULL,
  `PUBLISH_COMMENT` varchar(500) CHARACTER SET utf8 COLLATE utf8_general_ci DEFAULT NULL,
  `ORDER_STATUS` int NOT NULL DEFAULT '0',
  `READ` tinyint NOT NULL DEFAULT '0',
  `CREATE_TIME` datetime NOT NULL DEFAULT CURRENT_TIMESTAMP,
  `UPDATE_TIME` datetime DEFAULT NULL,
  `DELETE_TIME` datetime DEFAULT NULL,
  PRIMARY KEY (`ORDER_ID`),
  KEY `FK_MEMBER_ID_idx` (`TENANT_ID`),
  KEY `FK_PUBLISH_ID_idx` (`PUBLISH_ID`),
  CONSTRAINT `FK_MBERID` FOREIGN KEY (`TENANT_ID`) REFERENCES `member` (`MEMBER_ID`),
  CONSTRAINT `FK_PUBLISH_ID` FOREIGN KEY (`PUBLISH_ID`) REFERENCES `publish` (`PUBLISH_ID`)
) ENGINE=InnoDB AUTO_INCREMENT=5 DEFAULT CHARSET=utf8;
/*!40101 SET character_set_client = @saved_cs_client */;

--
-- Dumping data for table `order`
--

LOCK TABLES `order` WRITE;
/*!40000 ALTER TABLE `order` DISABLE KEYS */;
INSERT INTO `order` VALUES (1,1,3,3,'還可以,就是吵了點',0,1,'2021-06-21 21:31:59',NULL,NULL),(2,2,2,3,'還行,房租有點貴',0,1,'2021-06-21 21:31:59',NULL,NULL),(3,3,1,4,'環境好',0,0,'2021-06-21 21:31:59',NULL,NULL),(4,4,3,5,'氣氛佳',0,0,'2021-06-21 21:31:59',NULL,NULL);
/*!40000 ALTER TABLE `order` ENABLE KEYS */;
UNLOCK TABLES;

--
-- Table structure for table `otherpay`
--

DROP TABLE IF EXISTS `otherpay`;
/*!40101 SET @saved_cs_client     = @@character_set_client */;
/*!50503 SET character_set_client = utf8mb4 */;
CREATE TABLE `otherpay` (
  `OTHERPAY_ID` int NOT NULL AUTO_INCREMENT,
  `AGREEMENT_ID` int NOT NULL,
  `OTHERPAY_MONEY` int NOT NULL,
  `OTHERPAY_NOTE` varchar(500) CHARACTER SET utf8 COLLATE utf8_general_ci NOT NULL,
  `SUGGEST_IMG` varchar(500) CHARACTER SET utf8 COLLATE utf8_general_ci DEFAULT NULL,
  `OTHERPAY_STATUS` int NOT NULL DEFAULT '0',
  `CREATE_TIME` datetime NOT NULL DEFAULT CURRENT_TIMESTAMP,
  `DELETE_TIME` datetime DEFAULT NULL,
  PRIMARY KEY (`OTHERPAY_ID`),
  KEY `FK_AGREEMENT_ID_idx` (`AGREEMENT_ID`),
  CONSTRAINT `FK_AGREEMENT_ID` FOREIGN KEY (`AGREEMENT_ID`) REFERENCES `agreement` (`AGREEMENT_ID`)
) ENGINE=InnoDB DEFAULT CHARSET=utf8;
/*!40101 SET character_set_client = @saved_cs_client */;

--
-- Dumping data for table `otherpay`
--

LOCK TABLES `otherpay` WRITE;
/*!40000 ALTER TABLE `otherpay` DISABLE KEYS */;
/*!40000 ALTER TABLE `otherpay` ENABLE KEYS */;
UNLOCK TABLES;

--
-- Table structure for table `person_evaluation`
--

DROP TABLE IF EXISTS `person_evaluation`;
/*!40101 SET @saved_cs_client     = @@character_set_client */;
/*!50503 SET character_set_client = utf8mb4 */;
CREATE TABLE `person_evaluation` (
  `PERSON＿EVALUATION_ID` int NOT NULL AUTO_INCREMENT,
  `ORDER_ID` int NOT NULL,
  `COMMENTED` int NOT NULL COMMENT '受評論者',
  `COMMENTED_BY` int NOT NULL COMMENT '評論者',
  `PERSON＿STAR` int DEFAULT NULL,
  `PERSON_COMMENT` varchar(500) CHARACTER SET utf8 COLLATE utf8_general_ci DEFAULT NULL COMMENT '留言',
  `CREATE_TIME` datetime NOT NULL DEFAULT CURRENT_TIMESTAMP,
  `UPDATE_TIME` datetime DEFAULT NULL,
  `DELETE_TIME` datetime DEFAULT NULL,
  PRIMARY KEY (`PERSON＿EVALUATION_ID`),
  KEY `PERSON＿EVALUATION_ID_FK_ORDER_ID_idx` (`ORDER_ID`),
  KEY `COMMENTED_ID_idx` (`COMMENTED`),
  KEY `COMMENTED_BY_idx` (`COMMENTED_BY`),
  CONSTRAINT `COMMENTED_BY` FOREIGN KEY (`COMMENTED_BY`) REFERENCES `member` (`MEMBER_ID`),
  CONSTRAINT `COMMENTED_ID` FOREIGN KEY (`COMMENTED`) REFERENCES `member` (`MEMBER_ID`),
  CONSTRAINT `PERSON＿EVALUATION_ID_FK_ORDER_ID` FOREIGN KEY (`ORDER_ID`) REFERENCES `order` (`ORDER_ID`)
) ENGINE=InnoDB AUTO_INCREMENT=10 DEFAULT CHARSET=utf8;
/*!40101 SET character_set_client = @saved_cs_client */;

--
-- Dumping data for table `person_evaluation`
--

LOCK TABLES `person_evaluation` WRITE;
/*!40000 ALTER TABLE `person_evaluation` DISABLE KEYS */;
INSERT INTO `person_evaluation` VALUES (2,1,3,2,4,'屋主還不錯','2021-06-21 21:40:07',NULL,NULL),(3,2,2,3,2,'房租貴,屋主態度差','2021-06-21 21:40:07',NULL,NULL),(4,3,1,3,3,'屋主普通','2021-06-21 21:40:07',NULL,NULL),(5,4,3,4,5,'屋主很照顧房客','2021-06-21 21:40:07',NULL,NULL),(6,1,2,3,4,'房客還行','2021-06-21 21:40:07',NULL,NULL),(7,2,3,2,2,'根本奧客','2021-06-21 21:40:07',NULL,NULL),(8,3,3,1,3,'房客普通','2021-06-21 21:40:07',NULL,NULL),(9,4,4,3,5,'nice','2021-06-21 21:40:07',NULL,NULL);
/*!40000 ALTER TABLE `person_evaluation` ENABLE KEYS */;
UNLOCK TABLES;

--
-- Table structure for table `post`
--

DROP TABLE IF EXISTS `post`;
/*!40101 SET @saved_cs_client     = @@character_set_client */;
/*!50503 SET character_set_client = utf8mb4 */;
CREATE TABLE `post` (
  `POST_ID` int NOT NULL AUTO_INCREMENT,
  `BOARD_ID` varchar(500) NOT NULL DEFAULT '0',
  `POSTER_ID` int NOT NULL,
  `POST_TITLE` varchar(500) CHARACTER SET utf8 COLLATE utf8_general_ci DEFAULT NULL,
  `POST_IMG` varchar(500) CHARACTER SET utf8 COLLATE utf8_general_ci DEFAULT NULL,
  `CONTEXT` longtext CHARACTER SET utf8 COLLATE utf8_general_ci,
  `CREATE_TIME` datetime NOT NULL DEFAULT CURRENT_TIMESTAMP,
  `UPDATE_TIME` datetime DEFAULT NULL,
  `DELETE_TIME` datetime DEFAULT NULL,
  PRIMARY KEY (`POST_ID`)
) ENGINE=InnoDB DEFAULT CHARSET=utf8;
/*!40101 SET character_set_client = @saved_cs_client */;

--
-- Dumping data for table `post`
--

LOCK TABLES `post` WRITE;
/*!40000 ALTER TABLE `post` DISABLE KEYS */;
/*!40000 ALTER TABLE `post` ENABLE KEYS */;
UNLOCK TABLES;

--
-- Table structure for table `publish`
--

DROP TABLE IF EXISTS `publish`;
/*!40101 SET @saved_cs_client     = @@character_set_client */;
/*!50503 SET character_set_client = utf8mb4 */;
CREATE TABLE `publish` (
  `PUBLISH_ID` int NOT NULL AUTO_INCREMENT COMMENT '刊登ID',
  `OWNER_ID` int NOT NULL COMMENT '房東ID',
  `TITLE` varchar(500) CHARACTER SET utf8 COLLATE utf8_unicode_ci DEFAULT NULL COMMENT '刊登標題',
  `TITLE_IMG` varchar(500) CHARACTER SET utf8 COLLATE utf8_unicode_ci DEFAULT NULL COMMENT '首頁圖片',
  `PUBLISH_INFO` varchar(500) CHARACTER SET utf8 COLLATE utf8_unicode_ci DEFAULT NULL COMMENT '屋況說明',
  `PUBLISH_IMG1` varchar(500) CHARACTER SET utf8 COLLATE utf8_unicode_ci DEFAULT NULL COMMENT '屋況圖片1',
  `PUBLISH_IMG2` varchar(500) CHARACTER SET utf8 COLLATE utf8_unicode_ci DEFAULT NULL COMMENT '屋況圖片2',
  `PUBLISH_IMG3` varchar(500) CHARACTER SET utf8 COLLATE utf8_unicode_ci DEFAULT NULL COMMENT '屋況圖片3',
  `CITY_ID` int DEFAULT NULL COMMENT '縣市ID',
  `AREA_ID` int DEFAULT NULL COMMENT '地區ID',
  `ADDRESS` varchar(500) CHARACTER SET utf8 COLLATE utf8_unicode_ci DEFAULT NULL COMMENT '地址',
  `LATITUDE` double DEFAULT NULL COMMENT '緯度',
  `LONGITUDE` double DEFAULT NULL COMMENT '經度',
  `RENT` int DEFAULT NULL COMMENT '租金',
  `DEPOSIT` int DEFAULT NULL COMMENT '押金',
  `SQUARE` int DEFAULT NULL COMMENT '坪數',
  `GENDER` int DEFAULT NULL COMMENT '性別限制\n0:無限制\n1:限男性\n2:限女性',
  `TYPE` int DEFAULT NULL COMMENT '房屋類型\n0:套房\n1:雅房',
  `FURNISHED` varchar(500) CHARACTER SET utf8 COLLATE utf8_unicode_ci DEFAULT NULL COMMENT '提供設備\n0:電視\n1:冰箱\n2:冷氣\n3:網路\n4:洗衣機\n5:床鋪\n6:衣櫃\n7:桌子\n8:椅子',
  `CREATE_TIME` datetime NOT NULL DEFAULT CURRENT_TIMESTAMP COMMENT '建立時間',
  `UPDATE_TIME` datetime DEFAULT NULL COMMENT '修改時間',
  `DELETE_TIME` datetime DEFAULT NULL COMMENT '刪除時間',
  PRIMARY KEY (`PUBLISH_ID`),
  KEY `FK_PUBLISH_MEMBER_idx` (`OWNER_ID`),
  KEY `FK_PUBLISH_CITY_idx` (`CITY_ID`),
  KEY `FK_PUBLISH_AREA_idx` (`AREA_ID`),
  CONSTRAINT `FK_PUBLISH_AREA` FOREIGN KEY (`AREA_ID`) REFERENCES `area` (`AREA_ID`),
  CONSTRAINT `FK_PUBLISH_CITY` FOREIGN KEY (`CITY_ID`) REFERENCES `city` (`CITY_ID`),
  CONSTRAINT `FK_PUBLISH_MEMBER` FOREIGN KEY (`OWNER_ID`) REFERENCES `member` (`MEMBER_ID`)
) ENGINE=InnoDB AUTO_INCREMENT=5 DEFAULT CHARSET=utf8 COLLATE=utf8_unicode_ci COMMENT='刊登';
/*!40101 SET character_set_client = @saved_cs_client */;

--
-- Dumping data for table `publish`
--

LOCK TABLES `publish` WRITE;
/*!40000 ALTER TABLE `publish` DISABLE KEYS */;
INSERT INTO `publish` VALUES (1,3,'一般套房',NULL,NULL,NULL,NULL,NULL,NULL,NULL,NULL,NULL,NULL,NULL,NULL,NULL,NULL,NULL,NULL,'2021-06-21 21:28:47',NULL,NULL),(2,3,'超高級套房',NULL,NULL,NULL,NULL,NULL,NULL,NULL,NULL,NULL,NULL,NULL,NULL,NULL,NULL,NULL,NULL,'2021-06-21 21:28:47',NULL,NULL),(3,2,'高級公寓',NULL,NULL,NULL,NULL,NULL,NULL,NULL,NULL,NULL,NULL,NULL,NULL,NULL,NULL,NULL,NULL,'2021-06-21 21:28:47',NULL,NULL),(4,4,'高級套房',NULL,NULL,NULL,NULL,NULL,NULL,NULL,NULL,NULL,NULL,NULL,NULL,NULL,NULL,NULL,NULL,'2021-06-21 21:29:26',NULL,NULL);
/*!40000 ALTER TABLE `publish` ENABLE KEYS */;
UNLOCK TABLES;

--
-- Table structure for table `report`
--

DROP TABLE IF EXISTS `report`;
/*!40101 SET @saved_cs_client     = @@character_set_client */;
/*!50503 SET character_set_client = utf8mb4 */;
CREATE TABLE `report` (
  `REPORT_ID` int NOT NULL AUTO_INCREMENT,
  `WHISTLEBLOWER_ID` int NOT NULL,
  `REPORTED_ID` int NOT NULL,
  `TYPE` int NOT NULL DEFAULT '0',
  `MESSAGE` varchar(500) CHARACTER SET utf8 COLLATE utf8_general_ci DEFAULT NULL,
  `REPORT_CLASS` int NOT NULL,
  `POST_ID` int NOT NULL,
  `CHATROOM_ID` int NOT NULL,
  `ITEM` int NOT NULL,
  `CREATE_TIME` datetime NOT NULL DEFAULT CURRENT_TIMESTAMP,
  `DELETE_TIME` datetime DEFAULT NULL,
  PRIMARY KEY (`REPORT_ID`),
  KEY `FK_BLOWRT_idx` (`WHISTLEBLOWER_ID`),
  KEY `FK_REPORTED_idx` (`REPORTED_ID`),
  KEY `FK_POST_ID_idx` (`POST_ID`),
  KEY `FK_REPORT_POSTID_idx` (`POST_ID`),
  KEY `FK_CHATROOMID_idx` (`CHATROOM_ID`),
  CONSTRAINT `FK_BLOWRT` FOREIGN KEY (`WHISTLEBLOWER_ID`) REFERENCES `member` (`MEMBER_ID`),
  CONSTRAINT `FK_CHATROOMID` FOREIGN KEY (`CHATROOM_ID`) REFERENCES `chatroom` (`CHATROOM_ID`),
  CONSTRAINT `FK_REPORT_POSTID` FOREIGN KEY (`POST_ID`) REFERENCES `post` (`POST_ID`),
  CONSTRAINT `FK_REPORTED` FOREIGN KEY (`REPORTED_ID`) REFERENCES `member` (`MEMBER_ID`)
) ENGINE=InnoDB DEFAULT CHARSET=utf8;
/*!40101 SET character_set_client = @saved_cs_client */;

--
-- Dumping data for table `report`
--

LOCK TABLES `report` WRITE;
/*!40000 ALTER TABLE `report` DISABLE KEYS */;
/*!40000 ALTER TABLE `report` ENABLE KEYS */;
UNLOCK TABLES;
/*!40103 SET TIME_ZONE=@OLD_TIME_ZONE */;

/*!40101 SET SQL_MODE=@OLD_SQL_MODE */;
/*!40014 SET FOREIGN_KEY_CHECKS=@OLD_FOREIGN_KEY_CHECKS */;
/*!40014 SET UNIQUE_CHECKS=@OLD_UNIQUE_CHECKS */;
/*!40101 SET CHARACTER_SET_CLIENT=@OLD_CHARACTER_SET_CLIENT */;
/*!40101 SET CHARACTER_SET_RESULTS=@OLD_CHARACTER_SET_RESULTS */;
/*!40101 SET COLLATION_CONNECTION=@OLD_COLLATION_CONNECTION */;
/*!40111 SET SQL_NOTES=@OLD_SQL_NOTES */;

<<<<<<< HEAD:sql/ForFun_DB.sql
-- Dump completed on 2021-06-21 22:49:12
=======
-- Dump completed on 2021-06-21 21:18:24
>>>>>>> 王威力:sql/FORFUN_DB_V9.sql
